amount,hour,transaction_type,merchant_category,country,device_risk_score,ip_risk_score,account_age_days,previous_transactions,international,is_fraud
90.44,13,ATM,Entertainment,India,0.319,0.602,980,17,0,0
23.57,7,POS,Entertainment,India,0.614,0.286,35,12,0,0
141.24,2,POS,Electronics,UK,0.065,0.622,531,12,1,0
170.81,10,Online,Entertainment,India,0.105,0.202,537,12,0,0
9.48,6,POS,Travel,India,0.06,0.138,2334,10,0,0
18.13,13,Bank Transfer,Food,Singapore,0.367,0.525,1225,11,1,0
75.78,19,Bank Transfer,Travel,India,0.627,0.574,1127,15,0,0
48.61,13,POS,Utilities,India,0.399,0.156,2252,6,0,0
65.58,13,ATM,Entertainment,India,0.421,0.249,216,13,0,0
28.42,1,Online,Food,UK,0.135,0.022,1150,13,1,0
160.68,15,ATM,Electronics,India,0.341,0.152,1202,6,0,0
145.15,10,Bank Transfer,Food,UK,0.209,0.269,619,6,1,0
71.24,2,Online,Entertainment,India,0.28,0.634,972,13,0,0
205.87,5,POS,Travel,India,0.139,0.143,2486,10,0,0
106.43,18,POS,Entertainment,India,0.114,0.064,2060,12,0,0
28.24,22,Online,Travel,India,0.185,0.199,1023,7,0,0
96.42,12,Bank Transfer,Grocery,India,0.308,0.352,2619,13,0,0
25.56,23,Online,Entertainment,UK,0.574,0.112,341,5,1,0
160.53,4,Online,Entertainment,India,0.028,0.037,2642,12,0,0
63.44,7,POS,Electronics,India,0.153,0.413,1901,10,0,0
55.43,22,Bank Transfer,Food,UAE,0.511,0.32,631,19,1,0
33.75,4,POS,Entertainment,India,0.111,0.302,2594,9,0,0
226.45,15,ATM,Entertainment,India,0.453,0.314,423,7,0,0
57.14,5,Online,Utilities,India,0.523,0.288,1730,9,0,0
43.45,7,POS,Utilities,India,0.173,0.211,1772,18,0,0
46.89,11,POS,Electronics,UAE,0.521,0.159,2989,16,1,0
113.56,8,Online,Travel,UAE,0.23,0.269,659,12,1,0
96.11,20,POS,Grocery,India,0.28,0.328,2622,14,0,0
100.76,23,ATM,Food,UAE,0.268,0.038,426,12,1,0
102.6,12,ATM,Food,India,0.4,0.09,734,15,0,0
567.73,12,POS,Entertainment,UAE,0.342,0.449,112,8,1,0
44.42,1,Online,Grocery,Singapore,0.376,0.278,988,14,1,0
39.96,5,POS,Entertainment,India,0.43,0.119,2181,6,0,0
29.55,0,POS,Entertainment,India,0.419,0.582,588,14,0,0
123.47,20,ATM,Entertainment,UK,0.548,0.05,219,14,1,0
206.23,5,ATM,Food,India,0.197,0.73,1673,18,0,0
59.5,8,ATM,Grocery,India,0.142,0.019,17,10,0,0
28.78,20,POS,Electronics,India,0.119,0.161,1956,12,0,0
29.24,17,Online,Food,India,0.312,0.168,2251,11,0,0
127.82,14,Online,Food,India,0.196,0.29,2249,9,0,0
140.23,0,Bank Transfer,Food,India,0.247,0.193,276,16,0,0
114.8,13,Online,Food,USA,0.295,0.039,1589,12,1,0
34.28,13,Bank Transfer,Food,India,0.383,0.398,966,10,0,0
84.11,7,POS,Travel,India,0.236,0.37,368,14,0,0
74.94,17,Online,Food,India,0.274,0.343,486,14,0,0
82.99,22,ATM,Travel,India,0.241,0.163,751,13,0,0
159.4,6,Online,Electronics,USA,0.034,0.186,2261,10,1,0
83.4,7,Online,Electronics,India,0.217,0.383,1405,12,0,0
131.49,7,Online,Entertainment,USA,0.502,0.285,265,13,1,0
71.35,20,Bank Transfer,Utilities,India,0.048,0.343,808,17,0,0
89.04,1,POS,Food,USA,0.175,0.071,533,8,1,0
125.37,21,Bank Transfer,Grocery,India,0.614,0.202,153,9,0,0
15.53,18,Online,Entertainment,Singapore,0.259,0.388,2627,14,1,0
48.44,11,Online,Travel,India,0.399,0.323,2668,9,0,0
41.66,14,Online,Grocery,Singapore,0.067,0.562,173,18,1,0
35.2,21,POS,Travel,India,0.403,0.094,1564,12,0,0
50.65,18,Bank Transfer,Utilities,India,0.098,0.462,2580,12,0,0
297.36,6,Bank Transfer,Electronics,India,0.552,0.538,1786,13,0,0
28.06,1,Bank Transfer,Travel,India,0.188,0.399,1024,13,0,0
175.61,15,Bank Transfer,Grocery,India,0.508,0.279,308,6,0,0
12.39,3,Online,Food,UK,0.102,0.349,279,13,1,0
47.71,2,Online,Entertainment,UK,0.328,0.316,2731,13,1,0
78.47,23,Bank Transfer,Electronics,India,0.44,0.299,1922,12,0,0
119.85,11,POS,Grocery,UAE,0.255,0.432,2587,11,1,0
135.81,15,ATM,Electronics,India,0.466,0.413,2925,10,0,0
147.43,5,Online,Food,India,0.112,0.352,1172,11,0,0
47.05,2,Online,Grocery,UK,0.253,0.05,2109,13,1,0
42.0,1,Online,Travel,India,0.197,0.163,595,8,0,0
157.27,8,Online,Grocery,India,0.194,0.246,2023,12,0,1
55.07,0,POS,Electronics,India,0.172,0.134,2383,12,0,0
18.62,10,Online,Travel,India,0.375,0.48,1606,8,0,0
21.47,7,Online,Travel,India,0.321,0.314,1723,9,0,0
26.59,12,POS,Grocery,India,0.191,0.214,1359,16,0,0
109.64,14,POS,Entertainment,India,0.431,0.576,2494,8,0,0
76.89,7,Online,Electronics,UK,0.628,0.206,1521,13,1,0
133.02,10,POS,Utilities,UAE,0.253,0.264,1446,13,1,0
43.5,1,ATM,Electronics,India,0.075,0.348,1140,13,0,0
78.14,7,POS,Travel,India,0.187,0.172,2673,7,0,0
124.66,23,Online,Travel,India,0.497,0.122,269,13,0,0
48.94,23,POS,Utilities,India,0.035,0.024,2148,17,0,0
105.3,11,Online,Food,India,0.124,0.354,1275,13,0,0
34.4,22,Online,Travel,India,0.384,0.311,1057,8,0,0
46.38,12,Online,Food,UK,0.475,0.354,1313,13,1,0
45.53,3,Online,Food,India,0.243,0.233,2264,9,0,0
20.17,20,Online,Grocery,USA,0.41,0.054,1058,12,1,0
108.52,9,POS,Entertainment,India,0.323,0.399,965,10,0,0
41.7,14,Online,Grocery,Singapore,0.25,0.152,2977,10,1,0
67.52,15,Online,Travel,India,0.46,0.134,1289,10,0,0
107.85,7,Online,Entertainment,UK,0.122,0.103,2407,9,1,0
104.22,17,Online,Electronics,UK,0.278,0.604,1199,12,1,0
129.72,12,ATM,Travel,India,0.517,0.171,2930,21,0,0
60.43,8,Online,Grocery,India,0.391,0.493,1255,13,0,0
43.67,7,POS,Food,USA,0.461,0.041,1092,12,1,0
61.58,17,POS,Entertainment,India,0.275,0.486,2177,12,0,0
12.34,5,POS,Travel,India,0.679,0.668,2447,8,0,0
15.69,2,Online,Electronics,India,0.542,0.312,737,11,0,1
17.77,21,ATM,Electronics,UK,0.649,0.199,2814,7,1,0
24.6,7,ATM,Utilities,India,0.513,0.537,970,13,0,0
99.46,15,Online,Entertainment,India,0.112,0.124,2686,15,0,0
26.96,17,POS,Travel,India,0.438,0.131,1537,5,0,0
45.69,20,Bank Transfer,Food,India,0.182,0.071,1718,14,0,0
244.5,15,POS,Utilities,USA,0.171,0.266,831,14,1,0
46.7,16,Online,Electronics,India,0.366,0.217,490,12,0,0
139.42,20,Bank Transfer,Grocery,India,0.259,0.328,399,6,0,0
26.22,22,Online,Travel,India,0.165,0.365,340,9,0,0
54.3,1,POS,Food,India,0.066,0.17,2109,7,0,0
25.79,17,POS,Utilities,USA,0.214,0.486,1840,21,1,0
47.51,4,Online,Travel,India,0.448,0.333,1792,10,0,0
154.52,21,POS,Grocery,UK,0.036,0.221,2777,11,1,0
11.85,1,Online,Travel,USA,0.105,0.224,2838,13,1,0
102.97,5,Online,Electronics,Singapore,0.224,0.377,1460,11,1,0
84.58,4,POS,Grocery,India,0.378,0.126,2228,13,0,0
36.81,14,POS,Grocery,India,0.307,0.575,238,11,0,0
15.7,0,ATM,Food,India,0.151,0.38,1716,17,0,0
71.67,0,Online,Entertainment,UAE,0.126,0.728,1296,13,1,1
39.27,12,ATM,Travel,USA,0.234,0.504,800,7,1,0
84.16,23,Online,Food,India,0.454,0.1,1137,12,0,0
68.16,12,POS,Food,USA,0.337,0.355,599,17,1,0
330.89,10,Online,Entertainment,India,0.461,0.084,1537,18,0,0
52.49,15,Online,Utilities,India,0.544,0.264,1570,15,0,0
23.96,13,Online,Utilities,UK,0.569,0.209,358,10,1,0
79.78,9,ATM,Travel,India,0.247,0.142,1382,15,0,0
83.1,14,Bank Transfer,Utilities,UAE,0.282,0.214,952,12,1,0
259.61,0,ATM,Grocery,Singapore,0.374,0.201,1215,13,1,0
153.72,5,Online,Utilities,UAE,0.2,0.173,2687,13,1,0
95.28,16,Online,Grocery,UK,0.513,0.742,1325,8,1,0
288.1,8,Online,Grocery,India,0.521,0.291,1963,15,0,0
20.31,1,POS,Grocery,India,0.496,0.388,637,12,0,0
35.17,2,ATM,Grocery,India,0.274,0.045,2885,14,0,0
26.4,20,Bank Transfer,Electronics,UK,0.611,0.12,1262,12,1,0
45.16,7,POS,Food,India,0.322,0.377,942,7,0,0
16.83,0,Bank Transfer,Entertainment,Singapore,0.069,0.277,118,12,1,0
125.86,17,ATM,Grocery,India,0.451,0.266,2544,9,0,0
53.4,12,Online,Travel,India,0.487,0.103,1681,11,0,0
15.32,10,Bank Transfer,Grocery,India,0.109,0.123,433,12,0,0
24.15,21,POS,Grocery,USA,0.104,0.203,1671,11,1,1
91.24,7,POS,Entertainment,India,0.179,0.51,802,13,0,0
154.18,13,POS,Food,India,0.315,0.232,2000,8,0,0
491.14,17,Online,Travel,India,0.229,0.227,534,9,0,0
1228.88,14,Online,Travel,India,0.21,0.457,2141,14,0,0
100.93,4,Bank Transfer,Utilities,UAE,0.298,0.11,536,14,1,0
24.79,16,POS,Food,India,0.104,0.144,2022,14,0,0
7.91,17,POS,Travel,India,0.13,0.122,873,10,0,0
87.16,2,Online,Utilities,India,0.052,0.355,2411,10,0,0
29.58,3,POS,Travel,India,0.386,0.439,1595,6,0,0
44.02,16,ATM,Travel,India,0.184,0.179,400,14,0,0
36.16,2,Online,Entertainment,India,0.511,0.266,2606,13,0,0
57.93,21,Bank Transfer,Food,India,0.481,0.646,2658,16,0,0
193.64,2,Online,Grocery,India,0.409,0.316,971,17,0,0
78.03,23,POS,Entertainment,India,0.393,0.41,1165,18,0,0
56.9,16,POS,Travel,UK,0.154,0.211,31,16,1,0
23.67,10,POS,Entertainment,India,0.374,0.075,2000,9,0,0
12.49,6,Bank Transfer,Electronics,USA,0.373,0.277,1353,11,1,0
41.0,8,Online,Entertainment,India,0.195,0.236,362,12,0,0
63.19,17,Online,Utilities,Singapore,0.186,0.344,1953,15,1,0
390.7,18,POS,Entertainment,India,0.657,0.502,673,10,0,0
75.97,5,Bank Transfer,Utilities,UK,0.394,0.438,703,14,1,0
178.17,13,POS,Food,Singapore,0.18,0.169,2792,10,1,0
40.48,23,ATM,Grocery,UAE,0.248,0.03,2243,9,1,0
20.39,6,ATM,Food,UK,0.099,0.119,413,11,1,0
25.4,16,POS,Electronics,India,0.076,0.092,1712,22,0,0
32.29,4,Online,Entertainment,UAE,0.294,0.181,1396,9,1,0
560.3,20,POS,Travel,UK,0.092,0.181,433,12,1,0
29.33,4,Online,Entertainment,India,0.206,0.531,284,9,0,0
154.24,7,Bank Transfer,Electronics,India,0.199,0.396,2604,12,0,0
27.03,11,Online,Entertainment,UAE,0.223,0.279,280,16,1,0
169.28,8,ATM,Electronics,India,0.075,0.487,1799,8,0,0
98.0,4,Online,Electronics,UK,0.207,0.351,2981,6,1,0
57.02,15,POS,Travel,India,0.502,0.055,1160,12,0,0
64.02,0,ATM,Entertainment,USA,0.371,0.296,1916,16,1,0
34.65,23,Online,Grocery,India,0.246,0.419,1332,8,0,0
104.18,1,POS,Travel,USA,0.249,0.193,1908,10,1,0
42.31,8,Online,Electronics,India,0.046,0.391,832,8,0,0
19.58,22,Online,Grocery,UAE,0.26,0.514,812,9,1,0
18.58,3,ATM,Utilities,India,0.215,0.303,1691,6,0,0
79.25,1,POS,Electronics,India,0.146,0.525,457,10,0,0
323.47,17,Bank Transfer,Travel,India,0.22,0.578,1690,10,0,0
78.26,1,Online,Travel,India,0.387,0.39,1841,14,0,0
59.23,21,POS,Travel,UAE,0.349,0.042,2943,14,1,0
88.75,10,POS,Food,India,0.088,0.175,748,11,0,0
246.16,20,ATM,Electronics,India,0.254,0.446,322,16,0,0
83.04,5,Online,Travel,UK,0.398,0.185,813,15,1,0
44.22,3,Online,Utilities,India,0.611,0.064,2404,12,0,0
201.6,23,POS,Food,India,0.196,0.076,1261,8,0,0
102.39,18,Online,Electronics,USA,0.328,0.359,497,17,1,0
309.75,21,ATM,Food,India,0.085,0.435,675,13,0,0
80.1,7,POS,Food,Singapore,0.335,0.059,2403,16,1,0
19.6,9,Bank Transfer,Grocery,India,0.438,0.176,2818,17,0,0
16.98,13,POS,Entertainment,India,0.434,0.213,453,12,0,0
347.56,10,POS,Travel,India,0.411,0.299,1734,6,0,0
373.78,5,Online,Grocery,Singapore,0.257,0.093,2947,14,1,0
55.73,9,ATM,Food,India,0.251,0.479,206,18,0,0
45.46,14,POS,Utilities,USA,0.303,0.192,481,15,1,0
287.56,0,Online,Entertainment,India,0.433,0.309,1448,13,0,0
22.04,8,POS,Travel,India,0.349,0.416,208,10,0,0
27.26,7,Online,Electronics,USA,0.597,0.297,1683,11,1,0
126.89,1,Online,Food,India,0.477,0.28,2065,3,0,0
44.94,2,Bank Transfer,Travel,India,0.367,0.39,1076,13,0,0
66.35,11,Online,Entertainment,India,0.474,0.06,2751,10,0,0
56.63,2,Online,Travel,USA,0.108,0.045,2622,8,1,0
93.46,8,Online,Travel,India,0.442,0.334,2165,13,0,0
272.46,13,POS,Grocery,India,0.312,0.417,1563,9,0,0
73.01,20,POS,Entertainment,India,0.533,0.496,311,13,0,0
126.97,2,Bank Transfer,Grocery,UAE,0.244,0.33,717,10,1,0
8.58,10,POS,Entertainment,India,0.216,0.362,2908,12,0,0
63.52,2,ATM,Utilities,India,0.523,0.666,1624,10,0,0
28.7,10,POS,Grocery,India,0.108,0.303,1299,18,0,0
19.71,11,ATM,Grocery,India,0.215,0.361,2169,15,0,0
27.71,19,POS,Utilities,India,0.452,0.547,720,7,0,0
47.75,10,Bank Transfer,Grocery,Singapore,0.259,0.456,926,10,1,1
166.65,22,Online,Electronics,USA,0.289,0.165,1159,15,1,0
17.7,3,POS,Utilities,India,0.585,0.418,2617,8,0,0
68.76,1,Online,Grocery,India,0.334,0.326,1401,14,0,0
41.09,0,Online,Food,India,0.318,0.071,171,7,0,0
48.05,8,POS,Electronics,India,0.222,0.304,1410,10,0,0
181.77,4,POS,Electronics,India,0.024,0.326,893,9,0,0
114.22,2,ATM,Utilities,India,0.025,0.211,1419,13,0,0
254.02,5,ATM,Food,Singapore,0.423,0.236,2782,16,1,0
57.14,23,POS,Travel,India,0.144,0.237,967,15,0,0
33.25,19,Bank Transfer,Utilities,India,0.058,0.128,803,7,0,0
53.31,0,POS,Food,UAE,0.234,0.206,1425,13,1,0
84.99,21,POS,Grocery,India,0.411,0.13,228,14,0,0
79.56,4,Online,Electronics,India,0.229,0.351,625,11,0,0
22.55,9,POS,Travel,India,0.229,0.18,136,10,0,0
73.0,7,POS,Food,UAE,0.657,0.259,2713,9,1,0
83.78,9,Online,Utilities,India,0.125,0.076,2261,6,0,0
826.73,18,POS,Grocery,India,0.076,0.251,483,8,0,0
435.65,17,POS,Entertainment,India,0.354,0.345,1009,10,0,0
28.41,14,ATM,Utilities,India,0.102,0.158,333,16,0,0
50.03,15,Online,Utilities,India,0.056,0.404,2294,10,0,0
15.43,17,ATM,Food,India,0.399,0.139,394,10,0,0
36.94,4,Online,Travel,Singapore,0.243,0.447,1954,14,1,0
91.43,9,Online,Grocery,USA,0.425,0.831,1722,15,1,0
222.71,2,POS,Utilities,India,0.197,0.25,2252,9,0,0
32.17,16,ATM,Electronics,India,0.083,0.495,2556,12,0,0
34.67,10,POS,Electronics,India,0.114,0.226,2752,17,0,0
7.79,15,POS,Entertainment,India,0.486,0.295,993,14,0,0
56.68,13,ATM,Entertainment,USA,0.313,0.29,2443,15,1,1
23.05,6,ATM,Entertainment,India,0.333,0.249,522,7,0,0
39.27,3,Online,Utilities,Singapore,0.251,0.453,454,14,1,0
27.75,23,POS,Utilities,India,0.124,0.426,2651,11,0,0
60.69,7,POS,Travel,USA,0.282,0.495,2721,13,1,0
11.5,2,Online,Travel,Singapore,0.687,0.262,2021,16,1,0
15.38,7,ATM,Travel,USA,0.161,0.162,1007,13,1,0
560.73,21,Online,Food,Singapore,0.575,0.392,1247,17,1,1
18.4,6,POS,Food,UK,0.413,0.381,2413,15,1,0
22.27,23,POS,Utilities,India,0.551,0.163,690,6,0,0
418.6,11,Online,Utilities,India,0.642,0.268,1564,10,0,0
1218.12,20,Online,Entertainment,India,0.149,0.288,1179,12,0,0
20.66,15,POS,Grocery,Singapore,0.084,0.224,526,12,1,0
46.14,1,POS,Entertainment,India,0.417,0.444,1727,13,0,0
93.84,12,POS,Utilities,UAE,0.39,0.52,2069,8,1,0
375.66,10,POS,Utilities,India,0.115,0.561,697,10,0,0
24.86,4,Online,Electronics,USA,0.475,0.211,2007,9,1,0
52.18,13,POS,Entertainment,India,0.366,0.135,2751,15,0,0
145.09,2,Online,Electronics,UAE,0.299,0.037,2723,13,1,0
103.0,16,ATM,Grocery,India,0.092,0.06,2737,11,0,0
45.78,19,Bank Transfer,Electronics,India,0.531,0.131,1231,13,0,0
58.33,2,Bank Transfer,Travel,Singapore,0.677,0.209,2051,14,1,0
16.86,11,POS,Utilities,India,0.277,0.454,2203,16,0,0
52.55,15,POS,Travel,India,0.306,0.136,2920,16,0,0
51.09,1,POS,Grocery,Singapore,0.236,0.332,1554,9,1,0
84.11,9,ATM,Food,Singapore,0.394,0.574,2531,16,1,0
38.27,6,POS,Food,India,0.037,0.293,1651,9,0,0
106.86,0,Online,Food,India,0.249,0.179,2465,10,0,0
183.59,19,POS,Grocery,India,0.447,0.168,1029,12,0,0
77.9,10,POS,Electronics,India,0.182,0.13,222,8,0,0
94.8,18,ATM,Utilities,India,0.518,0.431,1084,9,0,0
70.33,14,Online,Grocery,India,0.643,0.177,1006,15,0,0
66.69,21,Online,Entertainment,India,0.504,0.503,2408,11,0,1
32.41,23,Bank Transfer,Grocery,India,0.276,0.234,2076,13,0,0
91.51,14,POS,Travel,Singapore,0.401,0.35,1903,13,1,0
60.5,8,POS,Utilities,India,0.193,0.129,569,13,0,0
540.86,10,Online,Travel,India,0.765,0.442,2059,11,0,0
321.61,19,Online,Food,UAE,0.098,0.488,2047,18,1,0
98.09,10,Online,Electronics,UK,0.672,0.118,2793,14,1,0
31.09,12,POS,Food,India,0.498,0.435,800,14,0,0
21.92,4,Bank Transfer,Electronics,UAE,0.128,0.251,2069,12,1,0
219.45,23,POS,Electronics,India,0.449,0.409,230,15,0,0
86.73,15,Online,Entertainment,India,0.309,0.046,2203,7,0,0
107.79,7,Online,Food,India,0.237,0.229,2439,13,0,0
11.65,14,Bank Transfer,Food,India,0.231,0.204,2318,13,0,0
168.58,9,Online,Entertainment,USA,0.24,0.16,1356,8,1,0
105.05,3,Bank Transfer,Electronics,India,0.317,0.153,1287,18,0,0
21.97,20,POS,Entertainment,Singapore,0.619,0.071,104,10,1,0
41.62,21,Online,Entertainment,India,0.049,0.634,1381,9,0,0
86.81,20,ATM,Utilities,India,0.103,0.28,2159,10,0,0
70.28,8,Online,Electronics,India,0.08,0.476,2936,18,0,0
49.79,6,Online,Food,India,0.501,0.363,322,16,0,1
60.13,1,Bank Transfer,Grocery,UAE,0.314,0.362,1679,9,1,0
51.83,17,POS,Grocery,USA,0.129,0.415,741,14,1,0
77.68,7,Online,Grocery,UK,0.259,0.408,1128,15,1,0
290.47,21,Bank Transfer,Food,USA,0.365,0.442,2352,10,1,0
5.12,20,Bank Transfer,Travel,India,0.125,0.442,175,14,0,0
52.62,3,Bank Transfer,Travel,India,0.307,0.24,166,11,0,0
79.56,22,Bank Transfer,Food,India,0.349,0.269,646,15,0,0
89.66,3,POS,Electronics,UK,0.03,0.3,761,9,1,0
45.97,11,Bank Transfer,Grocery,India,0.423,0.151,2334,14,0,0
11.51,11,Online,Food,India,0.543,0.103,817,11,0,0
92.57,22,Online,Food,USA,0.388,0.038,2780,13,1,0
375.16,15,Online,Grocery,India,0.195,0.193,2928,13,0,0
14.38,21,ATM,Travel,India,0.28,0.277,2353,15,0,0
158.19,14,Online,Travel,India,0.159,0.272,1433,11,0,0
48.01,19,ATM,Entertainment,India,0.372,0.306,2387,10,0,0
62.72,20,POS,Travel,India,0.504,0.259,489,11,0,1
23.27,20,POS,Grocery,Singapore,0.175,0.215,2628,17,1,0
47.73,9,Online,Travel,USA,0.314,0.3,1004,10,1,0
244.7,9,POS,Electronics,India,0.266,0.194,1335,6,0,0
119.42,23,Online,Entertainment,UK,0.369,0.106,2694,10,1,0
377.03,18,POS,Grocery,UK,0.434,0.381,418,12,1,0
216.46,22,Online,Utilities,USA,0.278,0.161,302,9,1,0
103.45,13,POS,Travel,UAE,0.126,0.248,1858,14,1,0
381.43,22,POS,Electronics,UK,0.184,0.577,2948,14,1,0
103.44,17,Online,Grocery,India,0.283,0.225,2727,11,0,0
152.63,17,POS,Travel,India,0.396,0.315,2963,9,0,0
49.57,4,POS,Electronics,India,0.578,0.112,1336,10,0,0
71.28,13,POS,Food,India,0.659,0.522,1847,9,0,0
33.2,17,POS,Entertainment,UAE,0.094,0.261,2450,7,1,0
179.39,18,Online,Food,India,0.49,0.289,550,15,0,0
20.53,22,POS,Grocery,India,0.283,0.127,2626,10,0,0
145.82,7,Online,Electronics,UAE,0.727,0.106,2527,11,1,0
55.11,7,Online,Entertainment,USA,0.24,0.087,240,10,1,0
215.13,23,Online,Food,India,0.409,0.176,1442,13,0,0
141.3,23,Online,Food,UAE,0.414,0.464,1281,11,1,1
411.84,4,POS,Food,India,0.291,0.593,2398,15,0,0
138.49,9,Bank Transfer,Food,India,0.442,0.577,1361,8,0,0
13.85,22,Online,Utilities,India,0.044,0.262,2794,7,0,1
62.37,4,POS,Food,UAE,0.169,0.099,1299,10,1,0
20.66,18,Bank Transfer,Food,India,0.23,0.205,1449,15,0,1
39.71,2,Online,Electronics,India,0.193,0.096,791,15,0,0
302.24,4,Online,Electronics,USA,0.14,0.284,2537,5,1,0
126.16,18,Bank Transfer,Entertainment,Singapore,0.12,0.267,1467,6,1,0
33.15,14,POS,Utilities,India,0.485,0.13,1477,10,0,0
24.2,13,ATM,Entertainment,India,0.341,0.137,2169,8,0,0
68.91,20,Online,Food,UAE,0.055,0.285,2297,21,1,0
19.76,7,Online,Entertainment,UK,0.287,0.226,2039,14,1,0
34.09,12,POS,Grocery,India,0.198,0.358,488,13,0,0
91.1,14,POS,Travel,India,0.341,0.477,2789,17,0,0
211.73,17,Bank Transfer,Travel,India,0.724,0.185,2477,9,0,0
122.58,7,POS,Food,USA,0.125,0.047,2206,14,1,0
6.74,15,POS,Entertainment,India,0.167,0.514,1660,9,0,0
90.41,10,Online,Grocery,UK,0.173,0.591,2263,14,1,1
71.67,13,ATM,Travel,India,0.184,0.427,2121,8,0,0
100.88,20,POS,Electronics,UK,0.071,0.136,869,12,1,0
335.7,9,ATM,Utilities,India,0.324,0.118,1408,10,0,0
8.47,16,Online,Grocery,Singapore,0.171,0.266,94,8,1,0
36.93,22,ATM,Utilities,India,0.258,0.205,12,14,0,1
120.41,18,POS,Travel,India,0.183,0.472,1539,10,0,0
13.71,23,POS,Travel,India,0.717,0.336,2257,13,0,0
291.77,14,Online,Food,India,0.346,0.205,2336,13,0,0
96.39,6,POS,Entertainment,India,0.343,0.492,2468,15,0,0
155.49,23,Online,Utilities,USA,0.424,0.116,1195,15,1,0
37.68,15,POS,Grocery,Singapore,0.319,0.508,1625,11,1,0
150.47,5,ATM,Grocery,India,0.756,0.184,2443,13,0,0
194.12,7,Bank Transfer,Electronics,India,0.343,0.506,100,9,0,0
84.17,6,ATM,Food,India,0.175,0.128,1861,7,0,0
84.3,20,Bank Transfer,Travel,UK,0.219,0.221,1174,10,1,0
87.39,2,Bank Transfer,Food,India,0.527,0.301,996,11,0,0
28.12,17,Online,Travel,India,0.136,0.891,1713,18,0,0
57.54,13,Online,Utilities,India,0.03,0.26,1027,16,0,0
57.25,1,Bank Transfer,Travel,India,0.168,0.642,1773,5,0,0
97.85,14,Bank Transfer,Food,India,0.517,0.412,2048,17,0,0
181.24,18,Bank Transfer,Food,India,0.404,0.083,1531,11,0,0
23.14,17,ATM,Grocery,India,0.415,0.683,1728,12,0,0
58.85,12,POS,Food,UK,0.086,0.152,1187,13,1,0
293.38,8,Bank Transfer,Grocery,India,0.076,0.072,201,10,0,0
31.7,3,Bank Transfer,Food,India,0.136,0.447,1016,16,0,0
29.3,0,Online,Food,India,0.375,0.269,1657,16,0,0
81.64,8,Bank Transfer,Grocery,Singapore,0.374,0.174,1087,6,1,0
155.15,15,Online,Travel,USA,0.056,0.199,131,10,1,0
67.45,0,Bank Transfer,Travel,India,0.34,0.18,1531,8,0,0
251.88,23,POS,Utilities,Singapore,0.474,0.336,1641,17,1,0
157.09,14,Bank Transfer,Travel,India,0.7,0.101,2629,18,0,0
154.75,7,POS,Utilities,India,0.232,0.108,2782,6,0,0
116.06,23,POS,Food,USA,0.104,0.258,1741,14,1,0
683.79,4,POS,Utilities,USA,0.211,0.417,276,20,1,0
54.32,22,Online,Entertainment,India,0.275,0.021,2369,17,0,0
8.99,6,POS,Travel,India,0.691,0.26,1452,15,0,0
331.71,9,Bank Transfer,Food,India,0.111,0.306,1791,15,0,0
42.19,10,Online,Entertainment,India,0.56,0.182,2324,8,0,0
74.28,23,Bank Transfer,Grocery,UAE,0.248,0.213,1909,11,1,0
247.04,6,POS,Food,India,0.348,0.307,1287,16,0,0
13.43,23,POS,Electronics,UAE,0.265,0.259,2536,10,1,0
19.07,8,ATM,Grocery,India,0.912,0.331,1080,14,0,0
13.45,6,ATM,Utilities,UK,0.275,0.198,1946,12,1,0
30.14,15,Online,Travel,UAE,0.067,0.203,1732,12,1,0
103.51,16,ATM,Utilities,USA,0.332,0.26,2457,11,1,0
112.64,8,ATM,Travel,India,0.257,0.387,2563,13,0,0
87.91,3,Online,Food,India,0.194,0.147,701,8,0,0
16.24,9,Bank Transfer,Electronics,India,0.18,0.224,2600,8,0,0
6.62,12,ATM,Utilities,India,0.373,0.327,1765,14,0,0
70.41,0,Online,Utilities,UAE,0.589,0.069,812,12,1,0
41.61,1,Online,Entertainment,India,0.137,0.298,1844,7,0,0
105.57,22,POS,Utilities,India,0.157,0.22,2901,10,0,0
134.55,0,POS,Entertainment,India,0.403,0.652,1850,15,0,0
76.57,9,ATM,Travel,India,0.441,0.177,488,18,0,0
142.61,18,ATM,Utilities,India,0.509,0.048,1486,15,0,0
83.87,7,POS,Food,India,0.146,0.113,636,9,0,0
113.3,11,Online,Electronics,UK,0.378,0.056,785,15,1,0
32.96,2,POS,Travel,India,0.35,0.168,2100,10,0,0
55.72,19,POS,Entertainment,India,0.27,0.269,343,15,0,0
81.19,15,Bank Transfer,Travel,India,0.523,0.333,2600,11,0,0
151.49,20,Online,Food,India,0.308,0.121,2712,14,0,0
44.98,20,POS,Grocery,India,0.104,0.549,557,10,0,0
112.3,8,Online,Food,USA,0.594,0.239,939,11,1,0
51.12,0,Online,Food,India,0.087,0.016,976,12,0,0
59.29,8,ATM,Food,UK,0.276,0.182,153,9,1,0
152.86,3,Bank Transfer,Food,India,0.518,0.075,232,6,0,0
9.09,12,Online,Utilities,India,0.233,0.263,2230,11,0,0
18.24,3,Online,Utilities,UAE,0.123,0.468,1380,9,1,0
15.15,22,Online,Electronics,UAE,0.223,0.178,690,10,1,0
6.46,14,Online,Utilities,India,0.499,0.143,1550,12,0,0
33.84,6,POS,Utilities,UAE,0.134,0.555,737,8,1,0
141.1,22,POS,Grocery,UK,0.4,0.312,1771,12,1,0
50.15,18,Bank Transfer,Electronics,India,0.418,0.188,532,9,0,0
81.27,10,Online,Entertainment,India,0.22,0.365,562,7,0,0
198.19,3,Online,Food,India,0.257,0.234,2508,10,0,0
251.56,8,POS,Grocery,India,0.554,0.261,830,14,0,0
62.23,14,ATM,Electronics,UAE,0.594,0.531,865,9,1,0
258.16,18,POS,Electronics,India,0.345,0.282,2265,14,0,0
73.12,6,Online,Entertainment,India,0.478,0.558,1215,14,0,0
28.86,17,ATM,Food,India,0.249,0.251,330,9,0,0
36.8,6,Online,Grocery,India,0.018,0.579,2309,12,0,0
15.17,5,Bank Transfer,Grocery,UK,0.141,0.059,13,7,1,0
27.44,10,POS,Travel,India,0.027,0.239,1336,11,0,0
46.62,3,ATM,Grocery,India,0.259,0.079,1169,10,0,0
148.95,9,Bank Transfer,Utilities,India,0.029,0.086,1988,8,0,0
372.7,8,Online,Travel,USA,0.09,0.425,1738,14,1,0
16.74,6,Online,Food,USA,0.224,0.264,1745,13,1,0
98.77,18,Online,Grocery,USA,0.67,0.135,2674,17,1,0
23.56,7,ATM,Electronics,India,0.415,0.38,1786,12,0,0
107.2,16,Bank Transfer,Utilities,India,0.265,0.075,118,9,0,0
58.49,17,ATM,Food,USA,0.4,0.556,178,10,1,0
10.69,15,Bank Transfer,Travel,USA,0.217,0.159,1003,10,1,0
168.73,6,Online,Entertainment,India,0.499,0.46,41,11,0,0
36.42,19,Online,Food,Singapore,0.05,0.09,2569,6,1,0
39.1,5,POS,Travel,India,0.319,0.307,2300,14,0,0
22.88,6,ATM,Utilities,India,0.391,0.43,2139,9,0,0
34.66,20,Bank Transfer,Utilities,UAE,0.227,0.138,2058,13,1,0
102.3,8,Online,Food,India,0.265,0.352,1899,8,0,0
55.19,16,POS,Grocery,UAE,0.342,0.119,1041,14,1,0
92.63,1,Online,Electronics,India,0.062,0.344,30,10,0,0
95.77,14,ATM,Food,UAE,0.655,0.06,367,12,1,0
249.8,20,Bank Transfer,Utilities,India,0.101,0.344,1394,10,0,0
47.33,17,POS,Entertainment,UK,0.509,0.404,756,8,1,0
15.23,13,POS,Travel,USA,0.382,0.182,2934,10,1,0
193.88,20,Online,Food,India,0.067,0.255,2463,19,0,0
47.87,7,POS,Travel,India,0.097,0.199,2011,11,0,0
203.28,9,Bank Transfer,Electronics,India,0.117,0.229,1225,16,0,0
97.84,1,Online,Food,India,0.167,0.125,2446,10,0,0
58.49,16,Online,Food,UAE,0.179,0.42,1219,14,1,0
94.52,17,POS,Electronics,India,0.597,0.341,1541,13,0,0
469.19,18,Online,Electronics,UK,0.177,0.538,2141,12,1,0
532.18,17,Bank Transfer,Entertainment,India,0.146,0.144,1085,17,0,0
71.48,3,Online,Food,India,0.11,0.393,1527,10,0,0
78.27,15,POS,Grocery,UAE,0.511,0.254,963,15,1,0
195.63,18,POS,Entertainment,India,0.08,0.351,504,9,0,0
28.63,4,Bank Transfer,Food,India,0.532,0.708,2390,12,0,0
93.04,11,Bank Transfer,Entertainment,India,0.601,0.458,2937,8,0,0
64.98,21,POS,Entertainment,India,0.191,0.077,1384,10,0,0
91.28,9,Online,Travel,India,0.463,0.023,132,12,0,0
28.98,18,POS,Utilities,USA,0.261,0.303,967,10,1,0
13.6,12,Online,Utilities,India,0.102,0.202,2658,13,0,0
8.39,15,POS,Grocery,UK,0.317,0.091,1967,17,1,0
21.82,15,ATM,Travel,India,0.419,0.508,791,16,0,0
42.15,15,Bank Transfer,Travel,India,0.429,0.301,2995,3,0,0
49.74,18,POS,Utilities,India,0.265,0.187,384,20,0,0
462.77,21,Online,Utilities,India,0.041,0.169,1291,11,0,0
201.54,7,POS,Travel,UK,0.049,0.121,1498,12,1,0
25.48,22,POS,Food,India,0.198,0.277,492,9,0,0
94.42,15,POS,Travel,India,0.458,0.26,562,10,0,0
44.39,14,POS,Grocery,India,0.157,0.454,1926,18,0,0
50.18,7,Bank Transfer,Travel,India,0.299,0.328,145,11,0,0
80.26,10,POS,Grocery,India,0.213,0.47,1202,17,0,0
123.86,15,Bank Transfer,Utilities,India,0.144,0.27,2108,11,0,0
47.5,8,POS,Entertainment,India,0.211,0.285,1769,14,0,0
193.22,6,Online,Travel,India,0.363,0.208,1153,11,0,0
21.29,19,Online,Food,USA,0.075,0.133,2991,14,1,0
67.11,9,Bank Transfer,Travel,USA,0.125,0.078,1467,10,1,0
895.76,15,POS,Food,India,0.486,0.323,1374,9,0,0
83.35,0,POS,Utilities,India,0.081,0.361,1933,12,0,0
279.56,1,ATM,Utilities,USA,0.368,0.465,909,13,1,1
73.08,20,ATM,Entertainment,India,0.158,0.262,1154,20,0,0
119.2,3,Online,Travel,India,0.083,0.371,2942,11,0,0
63.01,19,POS,Travel,India,0.277,0.412,666,10,0,0
56.24,21,POS,Grocery,India,0.447,0.19,2002,10,0,0
30.59,11,ATM,Grocery,India,0.098,0.444,2352,7,0,0
102.54,21,Online,Food,India,0.394,0.152,917,8,0,0
28.46,10,Online,Food,India,0.12,0.137,944,18,0,0
129.75,22,POS,Utilities,India,0.351,0.351,951,11,0,0
197.41,5,POS,Grocery,India,0.346,0.363,1309,16,0,0
96.21,10,Bank Transfer,Travel,India,0.248,0.195,1814,7,0,0
50.09,9,ATM,Entertainment,India,0.339,0.08,2259,14,0,0
105.0,18,POS,Entertainment,India,0.05,0.064,1090,10,0,0
48.98,1,Bank Transfer,Electronics,UK,0.06,0.36,1486,5,1,0
169.96,19,Online,Grocery,UAE,0.083,0.148,2319,17,1,0
10.68,0,POS,Electronics,India,0.213,0.216,31,7,0,0
47.67,7,Online,Travel,India,0.547,0.69,579,21,0,0
9.11,14,ATM,Food,India,0.297,0.067,338,13,0,0
14.95,3,Online,Utilities,Singapore,0.421,0.154,572,11,1,0
260.83,11,Online,Travel,India,0.215,0.333,2575,16,0,0
163.23,23,ATM,Grocery,India,0.055,0.303,698,11,0,0
32.48,19,POS,Entertainment,USA,0.216,0.231,2884,13,1,0
14.84,0,Bank Transfer,Grocery,India,0.296,0.06,2621,12,0,0
3.44,14,Online,Utilities,India,0.404,0.258,1126,17,0,0
38.73,14,Online,Entertainment,India,0.249,0.496,274,17,0,0
750.26,1,Online,Electronics,India,0.168,0.294,704,11,0,0
103.02,15,Online,Electronics,USA,0.078,0.085,1803,13,1,0
38.11,12,Online,Electronics,India,0.36,0.182,1387,12,0,0
106.17,16,Online,Electronics,India,0.163,0.541,2591,11,0,0
14.0,7,Bank Transfer,Utilities,India,0.167,0.628,1066,14,0,0
49.53,6,ATM,Entertainment,India,0.304,0.347,531,11,0,0
73.66,17,ATM,Travel,Singapore,0.415,0.266,2018,14,1,0
61.18,17,POS,Travel,UK,0.205,0.421,2756,13,1,0
147.05,3,Online,Food,UAE,0.087,0.183,1672,14,1,0
94.13,5,Online,Food,USA,0.163,0.372,2133,15,1,0
130.1,14,POS,Entertainment,India,0.271,0.169,1750,18,0,0
33.5,19,ATM,Travel,India,0.244,0.137,690,6,0,0
163.66,4,POS,Electronics,India,0.164,0.064,1652,3,0,0
340.0,5,POS,Grocery,India,0.101,0.471,2941,11,0,0
25.28,19,POS,Electronics,India,0.303,0.227,2988,13,0,0
27.45,16,POS,Entertainment,India,0.221,0.328,2497,11,0,0
253.61,21,POS,Travel,India,0.458,0.493,1537,12,0,0
55.07,18,Online,Travel,Singapore,0.056,0.119,171,11,1,0
271.46,22,Online,Electronics,India,0.212,0.116,1307,13,0,0
42.84,4,POS,Utilities,India,0.298,0.574,2476,9,0,0
285.73,6,POS,Food,UK,0.242,0.262,2821,8,1,1
76.06,5,ATM,Utilities,India,0.325,0.316,1730,11,0,0
86.33,1,POS,Grocery,India,0.176,0.315,86,11,0,0
318.85,18,Online,Utilities,India,0.171,0.061,2669,14,0,0
46.44,15,Online,Grocery,UK,0.481,0.398,2512,7,1,0
26.02,2,Online,Travel,Singapore,0.304,0.405,1769,10,1,0
42.58,4,Bank Transfer,Electronics,India,0.408,0.185,1229,12,0,0
104.83,4,Online,Travel,India,0.472,0.266,2388,14,0,0
13.93,9,Bank Transfer,Utilities,India,0.244,0.363,903,14,0,0
126.15,10,Bank Transfer,Utilities,India,0.333,0.274,2498,16,0,0
38.91,6,POS,Food,UK,0.195,0.428,998,14,1,0
210.15,22,POS,Electronics,USA,0.489,0.282,2389,16,1,0
6.08,5,POS,Entertainment,UK,0.017,0.194,2045,16,1,0
30.37,13,Online,Entertainment,UAE,0.113,0.207,177,7,1,0
12.35,10,Online,Electronics,India,0.355,0.317,111,13,0,0
29.19,9,POS,Entertainment,UAE,0.417,0.289,1996,16,1,0
85.43,19,POS,Travel,India,0.338,0.223,1353,7,0,0
55.74,23,Online,Travel,India,0.281,0.446,2690,13,0,0
51.76,0,Online,Grocery,UK,0.279,0.033,2337,17,1,0
56.87,11,Online,Grocery,USA,0.374,0.212,2808,13,1,0
81.73,2,Bank Transfer,Travel,UAE,0.275,0.226,590,4,1,0
24.32,10,POS,Food,India,0.405,0.286,2301,8,0,0
135.21,14,Online,Utilities,India,0.388,0.148,1322,11,0,0
129.37,9,Bank Transfer,Food,UK,0.377,0.158,931,10,1,0
98.01,7,Online,Electronics,India,0.415,0.188,1128,16,0,0
116.34,7,Online,Travel,India,0.222,0.203,2575,11,0,0
89.7,7,Online,Grocery,India,0.274,0.312,1600,13,0,0
510.34,7,POS,Food,India,0.265,0.179,77,16,0,0
61.12,8,Bank Transfer,Grocery,India,0.351,0.284,1435,17,0,0
49.05,16,Online,Entertainment,UK,0.056,0.184,2312,12,1,1
31.39,2,Online,Electronics,India,0.296,0.632,2251,10,0,0
23.75,0,Online,Electronics,USA,0.448,0.176,1456,8,1,0
19.21,12,Online,Grocery,USA,0.388,0.206,2382,15,1,0
27.42,16,POS,Travel,India,0.387,0.153,2640,4,0,0
62.14,6,ATM,Grocery,India,0.324,0.053,168,14,0,0
93.16,4,Online,Entertainment,India,0.373,0.051,1505,11,0,0
70.19,14,POS,Electronics,UK,0.124,0.11,2632,21,1,0
31.01,9,Online,Entertainment,India,0.535,0.362,1268,9,0,0
164.05,17,Bank Transfer,Food,India,0.036,0.054,2991,17,0,0
139.69,3,Online,Utilities,UAE,0.467,0.08,2533,15,1,0
56.85,2,Online,Entertainment,India,0.029,0.331,574,8,0,0
34.71,13,Online,Grocery,India,0.542,0.21,988,7,0,0
115.4,9,ATM,Grocery,UAE,0.354,0.402,1175,8,1,0
80.48,17,Online,Utilities,India,0.273,0.384,1463,13,0,0
15.67,12,Bank Transfer,Travel,India,0.307,0.41,2075,13,0,0
62.3,8,POS,Entertainment,India,0.277,0.125,2531,9,0,0
86.66,3,Bank Transfer,Food,UK,0.017,0.112,1677,18,1,0
27.12,3,Bank Transfer,Entertainment,Singapore,0.244,0.069,39,10,1,0
80.63,18,Online,Travel,UK,0.36,0.304,2564,16,1,0
15.57,5,Online,Travel,UAE,0.608,0.195,1050,9,1,0
253.71,12,POS,Food,India,0.27,0.121,1052,14,0,0
232.28,19,Online,Grocery,India,0.211,0.139,2498,12,0,0
51.8,21,POS,Travel,India,0.033,0.274,2443,9,0,0
95.91,6,POS,Food,UAE,0.177,0.56,2638,17,1,0
5.99,2,Bank Transfer,Travel,UAE,0.261,0.252,2743,13,1,0
20.98,18,POS,Travel,India,0.376,0.389,481,10,0,0
49.71,16,Online,Utilities,UK,0.132,0.221,535,9,1,0
22.83,7,POS,Travel,India,0.476,0.512,1334,16,0,0
136.24,14,Online,Utilities,India,0.317,0.61,2949,4,0,0
491.42,4,Online,Utilities,India,0.237,0.317,1032,10,0,0
20.56,16,POS,Entertainment,UAE,0.516,0.204,1026,11,1,0
28.86,17,Online,Grocery,India,0.254,0.312,2927,10,0,0
84.39,7,Bank Transfer,Travel,India,0.477,0.487,2909,10,0,0
333.99,11,Online,Utilities,UAE,0.34,0.151,1693,8,1,0
19.64,8,Bank Transfer,Grocery,India,0.291,0.203,1799,11,0,0
85.54,0,Online,Food,India,0.239,0.36,1198,13,0,0
412.11,3,Online,Food,USA,0.078,0.35,2466,12,1,0
12.78,23,POS,Utilities,India,0.068,0.46,2616,10,0,0
18.52,10,POS,Utilities,India,0.258,0.456,792,14,0,0
43.66,3,Bank Transfer,Travel,India,0.299,0.461,2125,9,0,0
39.62,1,Online,Food,UK,0.153,0.758,1565,8,1,0
150.3,8,Online,Food,India,0.373,0.281,2138,14,0,0
84.92,23,ATM,Utilities,USA,0.071,0.041,1275,16,1,0
11.3,9,POS,Food,Singapore,0.221,0.043,1835,11,1,0
111.65,23,ATM,Grocery,India,0.364,0.669,1913,7,0,0
37.43,11,POS,Utilities,Singapore,0.322,0.264,1251,15,1,0
238.52,18,Bank Transfer,Food,UK,0.178,0.232,642,16,1,0
35.6,18,POS,Travel,UAE,0.304,0.583,296,13,1,0
35.28,0,POS,Travel,India,0.117,0.281,2916,12,0,0
114.56,0,Online,Travel,India,0.416,0.176,1902,12,0,0
143.01,22,POS,Entertainment,USA,0.364,0.507,1342,11,1,0
104.39,22,Bank Transfer,Utilities,UAE,0.238,0.539,1244,15,1,0
12.36,3,Online,Electronics,UAE,0.122,0.405,1229,10,1,0
114.21,15,POS,Grocery,India,0.227,0.354,1358,16,0,0
23.71,22,POS,Utilities,India,0.511,0.314,1339,12,0,0
84.38,22,Bank Transfer,Food,India,0.118,0.248,2771,12,0,0
16.06,7,Online,Food,USA,0.247,0.324,1359,21,1,0
104.2,19,Bank Transfer,Grocery,Singapore,0.013,0.423,2163,13,1,0
29.77,15,POS,Utilities,UK,0.464,0.294,1468,12,1,0
18.49,22,Bank Transfer,Grocery,India,0.413,0.254,2345,10,0,0
136.16,3,Online,Food,UAE,0.225,0.015,36,10,1,0
84.91,14,Online,Food,India,0.391,0.204,2280,10,0,0
36.09,0,Online,Food,India,0.426,0.495,660,9,0,1
284.63,8,POS,Food,India,0.188,0.062,1298,10,0,0
42.92,0,Bank Transfer,Electronics,India,0.31,0.282,1890,11,0,0
68.86,10,Bank Transfer,Food,UK,0.213,0.132,1677,17,1,0
87.26,19,Online,Electronics,India,0.432,0.236,157,13,0,0
35.89,15,Bank Transfer,Electronics,India,0.119,0.185,1631,11,0,0
106.82,7,POS,Entertainment,India,0.495,0.259,392,16,0,0
39.12,10,POS,Entertainment,India,0.166,0.308,723,11,0,0
44.18,8,POS,Grocery,USA,0.115,0.188,1391,11,1,0
260.51,17,Online,Utilities,India,0.512,0.253,1898,7,0,0
23.56,6,POS,Grocery,India,0.407,0.337,1571,13,0,0
5.97,2,Online,Travel,India,0.354,0.065,1124,11,0,0
333.93,12,POS,Electronics,UK,0.312,0.484,268,14,1,0
853.48,19,ATM,Travel,India,0.6,0.292,163,14,0,0
44.47,11,ATM,Electronics,India,0.301,0.4,1341,12,0,0
9.61,4,Online,Travel,India,0.03,0.321,2910,13,0,0
48.89,1,POS,Electronics,India,0.472,0.386,2452,10,0,0
50.09,22,ATM,Entertainment,India,0.275,0.044,1248,13,0,0
55.15,18,POS,Entertainment,India,0.165,0.411,630,12,0,0
21.9,3,ATM,Electronics,USA,0.683,0.168,1050,15,1,0
119.05,1,Online,Travel,India,0.172,0.38,1470,12,0,0
112.67,3,Online,Entertainment,India,0.061,0.09,1882,8,0,0
14.96,9,POS,Grocery,UAE,0.259,0.154,1659,11,1,0
134.18,19,ATM,Electronics,India,0.024,0.437,1361,12,0,0
519.41,3,Bank Transfer,Travel,India,0.374,0.151,1901,9,0,0
79.2,19,Online,Food,India,0.278,0.434,2932,10,0,0
47.59,0,Bank Transfer,Grocery,India,0.297,0.343,1246,15,0,0
57.86,17,Bank Transfer,Entertainment,India,0.405,0.085,151,9,0,0
123.38,6,POS,Travel,Singapore,0.101,0.457,2552,12,1,0
11.81,23,ATM,Food,India,0.039,0.33,2450,16,0,0
78.6,11,POS,Food,USA,0.406,0.132,1765,10,1,0
45.13,6,Online,Electronics,UAE,0.332,0.342,64,12,1,0
423.19,5,POS,Electronics,India,0.047,0.355,2672,11,0,0
56.03,19,Bank Transfer,Travel,USA,0.646,0.028,549,13,1,0
353.5,9,ATM,Entertainment,India,0.199,0.149,2896,13,0,0
22.12,8,POS,Food,India,0.27,0.245,522,4,0,0
119.97,17,Online,Travel,Singapore,0.129,0.133,10,7,1,0
91.78,12,Online,Travel,India,0.503,0.213,1022,19,0,0
27.96,15,ATM,Electronics,UAE,0.467,0.273,1479,12,1,0
79.63,10,Bank Transfer,Utilities,India,0.096,0.367,2627,9,0,0
224.2,1,POS,Utilities,India,0.241,0.218,129,19,0,0
48.24,0,Online,Electronics,India,0.296,0.152,732,12,0,0
12.28,0,Online,Electronics,India,0.183,0.408,1972,17,0,0
65.53,13,Online,Grocery,India,0.404,0.279,1545,12,0,0
27.05,12,Online,Food,India,0.375,0.243,2558,11,0,0
47.35,17,POS,Travel,India,0.089,0.362,1435,12,0,0
61.46,21,POS,Entertainment,India,0.496,0.068,1870,16,0,0
12.11,4,Online,Food,UAE,0.348,0.562,709,10,1,0
13.25,22,Bank Transfer,Travel,India,0.151,0.091,1182,12,0,0
107.99,22,POS,Utilities,India,0.35,0.63,1390,22,0,0
39.54,14,POS,Entertainment,UK,0.272,0.109,1808,14,1,0
5.13,12,ATM,Travel,USA,0.333,0.395,2531,10,1,0
146.18,4,Bank Transfer,Grocery,Singapore,0.61,0.453,994,13,1,0
87.56,4,Online,Travel,UAE,0.406,0.334,2095,15,1,0
32.66,0,POS,Electronics,India,0.137,0.344,616,15,0,0
17.87,15,Online,Electronics,India,0.38,0.2,1174,14,0,0
153.82,10,Online,Entertainment,USA,0.213,0.254,247,10,1,0
94.57,4,Online,Utilities,India,0.458,0.409,808,13,0,0
722.42,3,POS,Entertainment,USA,0.133,0.162,2379,10,1,0
101.51,1,POS,Utilities,India,0.213,0.573,1547,7,0,0
98.27,15,POS,Grocery,UAE,0.171,0.393,2721,9,1,0
56.43,16,ATM,Grocery,USA,0.161,0.327,675,19,1,0
150.92,15,Online,Utilities,India,0.367,0.088,1291,15,0,0
124.6,2,POS,Food,India,0.471,0.109,467,14,0,0
233.16,0,Online,Travel,UAE,0.366,0.084,866,14,1,0
39.59,2,ATM,Entertainment,USA,0.204,0.377,131,12,1,0
43.15,18,POS,Travel,UK,0.274,0.324,638,14,1,0
41.3,17,Online,Entertainment,UK,0.24,0.161,32,10,1,0
147.05,7,Online,Utilities,India,0.206,0.256,2015,7,0,0
298.38,1,Online,Electronics,India,0.236,0.354,2918,14,0,0
42.15,7,Bank Transfer,Food,India,0.383,0.318,137,9,0,0
43.61,19,Bank Transfer,Entertainment,USA,0.275,0.11,1084,17,1,0
91.29,3,POS,Utilities,India,0.155,0.553,2666,10,0,0
52.16,19,POS,Food,India,0.222,0.01,112,15,0,0
172.79,11,POS,Travel,UAE,0.182,0.304,2137,9,1,0
7.02,3,POS,Travel,India,0.273,0.424,1744,5,0,0
29.17,22,Online,Electronics,UK,0.243,0.171,2485,15,1,0
30.5,12,Bank Transfer,Grocery,India,0.177,0.266,1410,14,0,0
6.55,16,Bank Transfer,Entertainment,India,0.21,0.118,243,13,0,0
25.44,2,POS,Electronics,India,0.068,0.17,1723,15,0,0
26.7,8,Online,Entertainment,USA,0.264,0.549,2906,10,1,0
54.54,15,POS,Grocery,UK,0.265,0.393,1625,15,1,0
202.95,15,Online,Travel,India,0.579,0.234,151,11,0,1
52.19,1,POS,Electronics,India,0.322,0.113,300,12,0,0
23.79,14,Bank Transfer,Grocery,India,0.249,0.212,1469,10,0,0
62.99,22,Bank Transfer,Entertainment,India,0.038,0.288,2245,13,0,0
190.41,18,POS,Food,India,0.095,0.189,633,9,0,0
25.13,4,Online,Utilities,India,0.454,0.237,1129,11,0,0
26.83,21,Online,Entertainment,Singapore,0.222,0.009,2899,14,1,0
116.58,16,ATM,Grocery,USA,0.228,0.252,2988,21,1,0
53.43,1,Online,Utilities,India,0.404,0.235,2674,9,0,0
127.42,3,POS,Grocery,UK,0.333,0.459,1773,6,1,0
65.78,22,Online,Utilities,India,0.206,0.181,2681,10,0,0
134.51,5,POS,Entertainment,UAE,0.213,0.374,1471,13,1,0
23.69,2,Online,Entertainment,India,0.248,0.413,2975,10,0,0
65.89,10,POS,Electronics,India,0.163,0.377,1084,9,0,0
54.02,12,Online,Grocery,USA,0.192,0.291,2746,10,1,0
19.77,13,ATM,Grocery,India,0.131,0.296,1616,13,0,0
13.96,15,POS,Grocery,Singapore,0.283,0.395,2793,12,1,0
132.39,23,Online,Entertainment,UAE,0.294,0.218,1420,7,1,0
46.95,18,ATM,Food,USA,0.038,0.295,2659,10,1,0
23.99,0,POS,Travel,India,0.607,0.174,1577,13,0,0
60.57,2,Online,Grocery,India,0.251,0.475,2448,20,0,0
206.03,0,Online,Grocery,India,0.288,0.394,2910,12,0,0
6.82,9,Online,Travel,India,0.113,0.112,239,11,0,0
14.93,8,ATM,Entertainment,UAE,0.503,0.3,1216,13,1,0
26.5,22,Online,Utilities,India,0.316,0.36,14,11,0,0
287.49,8,Online,Food,India,0.361,0.511,843,22,0,0
88.46,0,POS,Utilities,India,0.207,0.449,149,13,0,0
143.64,21,POS,Electronics,UAE,0.435,0.316,1276,9,1,0
21.32,6,POS,Travel,UAE,0.181,0.092,1030,6,1,0
21.77,21,Bank Transfer,Entertainment,India,0.74,0.281,157,10,0,0
104.36,18,Bank Transfer,Grocery,India,0.067,0.283,1143,9,0,0
70.69,21,ATM,Utilities,UK,0.178,0.246,1369,9,1,0
115.44,19,POS,Entertainment,India,0.064,0.465,68,10,0,0
55.28,3,Online,Grocery,UAE,0.385,0.408,2762,9,1,0
88.07,15,ATM,Travel,UAE,0.296,0.403,933,15,1,0
78.11,9,Online,Food,UK,0.265,0.5,603,11,1,0
145.15,15,POS,Entertainment,India,0.38,0.314,165,15,0,0
149.46,17,Bank Transfer,Travel,USA,0.32,0.298,268,13,1,0
13.2,12,POS,Entertainment,UAE,0.299,0.358,2072,9,1,0
7.05,7,POS,Electronics,India,0.444,0.051,48,14,0,0
181.59,21,Bank Transfer,Entertainment,Singapore,0.074,0.26,280,7,1,0
218.71,15,Online,Electronics,India,0.444,0.172,1932,13,0,0
24.03,21,Online,Electronics,UAE,0.26,0.383,1033,10,1,0
10.38,5,Online,Electronics,USA,0.528,0.482,2295,15,1,0
73.63,20,Bank Transfer,Grocery,India,0.504,0.29,2099,16,0,0
169.16,7,POS,Travel,India,0.293,0.04,2014,11,0,0
402.46,11,ATM,Travel,India,0.107,0.756,203,17,0,0
111.75,20,POS,Entertainment,India,0.097,0.282,1922,14,0,0
45.98,8,POS,Electronics,UAE,0.09,0.413,2701,7,1,0
27.3,6,Online,Electronics,India,0.482,0.507,2450,9,0,0
67.45,21,Online,Utilities,UAE,0.397,0.691,2813,8,1,0
49.44,23,POS,Utilities,India,0.167,0.301,2560,8,0,0
24.17,7,Online,Travel,USA,0.229,0.627,2755,12,1,0
517.37,7,Online,Electronics,UAE,0.174,0.265,1009,15,1,1
397.49,5,Online,Electronics,USA,0.243,0.04,766,19,1,0
207.69,0,ATM,Utilities,Singapore,0.49,0.397,1739,9,1,0
26.55,13,ATM,Entertainment,UAE,0.209,0.704,570,9,1,0
156.81,6,Online,Food,India,0.215,0.032,1974,16,0,0
126.42,20,Online,Travel,UK,0.049,0.139,2970,14,1,0
103.81,4,Online,Electronics,India,0.485,0.614,1024,18,0,1
232.68,15,Online,Grocery,India,0.312,0.584,1030,10,0,0
125.89,12,POS,Entertainment,India,0.263,0.126,1909,9,0,0
139.77,14,POS,Utilities,UK,0.496,0.468,1829,10,1,0
126.08,2,POS,Entertainment,USA,0.39,0.367,1978,11,1,0
93.76,11,Online,Travel,India,0.144,0.225,1206,19,0,0
11.21,15,Bank Transfer,Electronics,UAE,0.183,0.331,1,10,1,0
72.5,8,Online,Utilities,India,0.234,0.248,716,17,0,0
38.24,20,Online,Electronics,UAE,0.065,0.293,255,11,1,0
18.54,12,Online,Utilities,India,0.295,0.168,496,11,0,0
358.46,8,Online,Food,India,0.507,0.3,2204,16,0,0
375.78,0,Online,Electronics,India,0.078,0.476,313,12,0,0
259.62,4,Online,Food,India,0.446,0.101,227,14,0,0
86.07,11,ATM,Travel,USA,0.312,0.165,605,8,1,0
257.4,9,POS,Electronics,UK,0.29,0.073,1523,10,1,0
67.49,20,Online,Travel,UK,0.243,0.24,101,16,1,0
81.68,18,Online,Entertainment,India,0.465,0.128,134,10,0,0
22.34,3,ATM,Food,India,0.177,0.057,2694,5,0,0
99.19,14,Bank Transfer,Electronics,India,0.256,0.129,2484,8,0,0
70.84,10,ATM,Entertainment,India,0.369,0.444,655,16,0,0
18.13,2,Online,Electronics,India,0.103,0.538,1664,17,0,0
63.36,15,POS,Utilities,India,0.325,0.532,2293,9,0,0
61.58,12,Online,Food,Singapore,0.611,0.485,612,14,1,0
402.45,2,ATM,Utilities,UAE,0.165,0.267,1625,9,1,0
163.08,11,Bank Transfer,Utilities,UK,0.393,0.213,2588,14,1,0
67.45,17,ATM,Travel,India,0.233,0.521,167,11,0,0
85.52,7,POS,Travel,India,0.094,0.387,360,7,0,0
69.7,8,ATM,Utilities,India,0.482,0.137,2517,14,0,0
54.44,2,Bank Transfer,Travel,India,0.229,0.635,2722,21,0,0
22.59,4,Online,Entertainment,India,0.1,0.137,2004,12,0,0
57.34,23,Online,Travel,UAE,0.477,0.535,2916,9,1,0
31.62,14,Online,Utilities,India,0.621,0.426,2229,14,0,0
19.1,4,Online,Entertainment,India,0.532,0.433,1973,18,0,0
111.19,11,POS,Food,India,0.238,0.159,71,14,0,0
98.62,4,POS,Electronics,UAE,0.274,0.212,2515,14,1,0
11.17,10,ATM,Food,India,0.428,0.179,962,12,0,0
58.99,3,Bank Transfer,Electronics,UK,0.346,0.322,2471,5,1,0
180.49,14,Bank Transfer,Electronics,India,0.366,0.206,12,15,0,0
192.33,13,POS,Travel,India,0.13,0.098,1361,9,0,0
186.02,15,POS,Grocery,Singapore,0.198,0.16,1864,12,1,0
69.33,10,POS,Utilities,India,0.246,0.238,367,9,0,0
28.64,6,ATM,Entertainment,USA,0.061,0.154,1105,6,1,0
22.56,5,Online,Electronics,India,0.287,0.48,250,13,0,0
94.12,5,Bank Transfer,Entertainment,India,0.224,0.5,1401,6,0,0
97.44,10,POS,Food,India,0.491,0.246,312,14,0,0
241.61,10,Online,Food,Singapore,0.624,0.296,733,12,1,0
200.33,16,ATM,Grocery,UK,0.154,0.402,1539,12,1,0
58.43,1,POS,Food,USA,0.359,0.546,1358,12,1,0
19.22,6,Bank Transfer,Grocery,India,0.126,0.31,107,14,0,0
48.47,20,Online,Entertainment,India,0.217,0.197,2430,5,0,0
82.87,21,POS,Grocery,India,0.249,0.179,1440,15,0,0
54.48,22,POS,Food,India,0.171,0.603,891,12,0,0
37.42,7,Bank Transfer,Electronics,India,0.235,0.169,861,7,0,0
85.87,3,Online,Grocery,UAE,0.154,0.164,302,7,1,0
40.29,4,ATM,Electronics,India,0.167,0.523,2615,12,0,0
35.59,3,ATM,Travel,India,0.608,0.247,2280,16,0,0
91.05,22,Online,Travel,UAE,0.277,0.379,272,7,1,0
44.61,21,ATM,Utilities,India,0.368,0.366,2638,9,0,0
85.12,19,Bank Transfer,Electronics,USA,0.107,0.097,2040,11,1,0
87.64,17,POS,Electronics,India,0.26,0.217,2064,7,0,0
21.34,8,ATM,Grocery,India,0.102,0.126,244,12,0,0
41.21,11,POS,Travel,India,0.518,0.146,848,9,0,0
280.84,20,POS,Electronics,India,0.437,0.157,1583,17,0,0
20.86,19,Online,Entertainment,USA,0.111,0.099,2019,6,1,0
8.03,12,Bank Transfer,Grocery,India,0.23,0.586,1003,14,0,0
10.36,20,POS,Utilities,India,0.252,0.28,2403,13,0,0
68.66,8,Online,Grocery,India,0.113,0.478,1648,15,0,0
68.78,9,Online,Food,India,0.25,0.254,2521,14,0,0
59.29,20,POS,Grocery,India,0.521,0.51,220,13,0,0
224.57,9,ATM,Entertainment,UK,0.261,0.049,866,11,1,0
4.61,18,Bank Transfer,Entertainment,India,0.412,0.061,1500,10,0,0
99.08,10,POS,Utilities,India,0.316,0.269,2357,14,0,0
317.81,7,POS,Utilities,India,0.284,0.275,1526,17,0,0
21.59,5,Bank Transfer,Utilities,India,0.075,0.424,873,8,0,0
45.61,14,POS,Food,India,0.127,0.263,2530,12,0,0
31.41,11,POS,Utilities,Singapore,0.227,0.275,107,13,1,0
27.27,8,Bank Transfer,Grocery,USA,0.195,0.265,169,11,1,0
48.12,17,Bank Transfer,Food,USA,0.598,0.273,1071,10,1,0
277.96,0,Online,Utilities,India,0.363,0.066,370,12,0,0
418.8,2,Online,Electronics,India,0.138,0.408,926,6,0,0
47.66,23,Bank Transfer,Utilities,UK,0.501,0.46,2940,14,1,0
448.12,15,Online,Food,India,0.398,0.164,1270,16,0,0
69.1,13,Online,Electronics,India,0.067,0.313,1462,15,0,0
385.17,0,ATM,Travel,UAE,0.26,0.141,1197,8,1,0
60.75,14,Online,Grocery,India,0.558,0.246,2131,8,0,0
76.02,10,Online,Utilities,UK,0.107,0.353,1160,12,1,0
96.11,14,Online,Entertainment,India,0.238,0.405,875,12,0,0
1601.75,0,Online,Electronics,India,0.559,0.594,47,11,0,0
156.22,13,Online,Utilities,India,0.365,0.302,1890,9,0,0
32.88,13,Online,Travel,India,0.196,0.192,2390,14,0,0
175.74,6,Online,Entertainment,India,0.165,0.256,1270,8,0,0
46.44,1,ATM,Electronics,USA,0.59,0.283,944,18,1,0
40.86,23,Online,Food,USA,0.063,0.216,2495,13,1,0
165.44,17,POS,Grocery,India,0.454,0.261,2847,11,0,0
68.79,14,POS,Food,India,0.248,0.059,1303,12,0,0
88.11,18,POS,Entertainment,India,0.378,0.094,614,12,0,1
67.63,16,ATM,Utilities,India,0.33,0.23,2030,13,0,0
93.37,3,Online,Electronics,Singapore,0.24,0.154,1867,9,1,0
102.0,10,POS,Grocery,India,0.232,0.503,997,7,0,0
9.61,21,ATM,Grocery,UAE,0.487,0.296,2428,10,1,0
129.88,6,POS,Grocery,India,0.514,0.376,614,11,0,0
24.98,23,POS,Travel,India,0.082,0.204,143,14,0,0
15.76,1,ATM,Entertainment,USA,0.465,0.289,654,13,1,0
62.9,7,Online,Travel,India,0.287,0.407,2230,9,0,0
72.53,8,ATM,Grocery,India,0.339,0.355,1698,10,0,0
33.33,14,ATM,Grocery,India,0.306,0.007,2058,14,0,0
153.09,4,Bank Transfer,Electronics,USA,0.226,0.099,1473,14,1,0
17.42,5,POS,Food,India,0.236,0.447,348,9,0,0
44.39,15,ATM,Travel,India,0.049,0.501,2107,18,0,0
37.16,6,ATM,Electronics,India,0.479,0.18,2003,7,0,0
63.65,21,POS,Travel,India,0.161,0.464,2544,10,0,0
88.13,20,Bank Transfer,Entertainment,UAE,0.384,0.172,376,9,1,0
24.34,7,Online,Grocery,India,0.201,0.176,111,13,0,0
137.59,13,Bank Transfer,Travel,India,0.066,0.034,907,11,0,0
71.02,7,Online,Food,India,0.454,0.593,2397,9,0,0
10.05,8,Online,Utilities,India,0.375,0.16,307,16,0,0
9.41,16,POS,Electronics,UAE,0.184,0.102,2580,15,1,0
65.87,7,Bank Transfer,Grocery,India,0.292,0.134,2840,11,0,0
53.47,3,Online,Food,USA,0.615,0.111,2133,14,1,1
60.13,6,POS,Travel,India,0.095,0.161,2879,12,0,0
64.85,22,POS,Travel,USA,0.361,0.458,2039,14,1,0
83.56,6,ATM,Utilities,India,0.112,0.265,264,12,0,0
172.03,8,POS,Utilities,India,0.038,0.186,2816,10,0,0
21.95,15,Online,Travel,India,0.153,0.383,2386,19,0,0
20.66,2,Online,Food,India,0.135,0.314,2669,14,0,0
22.35,6,POS,Food,UAE,0.48,0.404,360,13,1,0
89.02,4,Online,Utilities,UK,0.186,0.574,1102,15,1,0
231.59,22,POS,Utilities,India,0.207,0.105,600,12,0,0
43.32,22,Bank Transfer,Electronics,India,0.245,0.081,1930,5,0,0
5.46,18,Bank Transfer,Grocery,USA,0.337,0.155,1842,9,1,0
12.13,5,POS,Grocery,India,0.436,0.161,1606,13,0,0
28.99,14,Online,Grocery,India,0.09,0.396,499,14,0,0
38.18,15,Online,Entertainment,USA,0.403,0.314,321,12,1,0
44.33,20,Bank Transfer,Entertainment,India,0.409,0.31,2946,9,0,0
69.31,3,Online,Entertainment,India,0.433,0.083,690,17,0,0
48.83,17,Online,Grocery,India,0.386,0.064,2874,7,0,0
190.44,4,Bank Transfer,Grocery,India,0.07,0.337,1515,9,0,0
33.92,13,POS,Travel,USA,0.328,0.263,60,14,1,0
28.15,21,Online,Food,USA,0.395,0.128,1357,13,1,0
107.65,1,POS,Grocery,UAE,0.324,0.249,2631,5,1,0
14.36,3,Online,Food,India,0.052,0.128,1721,13,0,0
98.46,19,Online,Utilities,USA,0.132,0.046,2837,10,1,0
73.89,0,Bank Transfer,Grocery,UAE,0.175,0.146,2391,10,1,0
57.54,16,Online,Entertainment,India,0.603,0.232,2661,13,0,0
326.45,12,POS,Food,UAE,0.446,0.252,2410,12,1,0
35.79,8,ATM,Utilities,UAE,0.399,0.341,2074,17,1,0
523.37,20,ATM,Travel,UK,0.263,0.135,816,5,1,0
53.23,20,Online,Travel,UAE,0.445,0.328,1871,14,1,0
18.6,7,ATM,Grocery,India,0.413,0.264,797,8,0,0
71.52,0,POS,Entertainment,India,0.351,0.401,1917,17,0,0
22.73,3,Online,Utilities,UAE,0.579,0.45,1846,19,1,0
31.45,2,POS,Grocery,Singapore,0.457,0.063,2388,10,1,0
99.19,23,POS,Electronics,India,0.475,0.338,1137,8,0,0
116.23,14,Bank Transfer,Entertainment,India,0.26,0.383,886,12,0,0
35.8,16,ATM,Entertainment,India,0.66,0.25,2879,10,0,0
179.0,5,POS,Utilities,Singapore,0.71,0.357,995,16,1,0
212.2,20,POS,Entertainment,India,0.177,0.518,1903,12,0,0
280.42,17,Bank Transfer,Utilities,India,0.046,0.263,2656,9,0,0
113.23,18,POS,Utilities,India,0.499,0.202,774,11,0,0
260.72,11,POS,Utilities,India,0.361,0.258,1149,8,0,0
10.17,16,POS,Electronics,UAE,0.117,0.354,317,10,1,0
48.53,13,POS,Electronics,India,0.093,0.272,529,11,0,0
28.02,9,POS,Electronics,India,0.272,0.255,2171,12,0,0
75.13,14,Bank Transfer,Utilities,India,0.174,0.169,351,10,0,0
37.66,7,POS,Travel,UK,0.276,0.242,962,13,1,0
56.48,22,Online,Entertainment,India,0.443,0.074,414,13,0,0
437.98,17,ATM,Food,India,0.053,0.226,574,10,0,0
56.28,17,Online,Grocery,India,0.031,0.285,2402,17,0,0
100.87,17,ATM,Electronics,UAE,0.235,0.37,758,11,1,0
52.86,10,Online,Travel,UK,0.198,0.393,1494,9,1,0
71.93,22,Online,Entertainment,USA,0.384,0.255,2084,15,1,0
67.09,4,Online,Electronics,India,0.104,0.016,2783,9,0,0
104.41,13,ATM,Electronics,UAE,0.345,0.164,1974,15,1,0
213.86,1,ATM,Grocery,USA,0.337,0.473,1201,12,1,0
346.33,7,ATM,Grocery,India,0.461,0.095,303,11,0,0
90.89,13,POS,Entertainment,UAE,0.474,0.374,1325,13,1,0
120.25,11,Online,Utilities,Singapore,0.167,0.309,1994,11,1,0
21.1,22,ATM,Travel,USA,0.303,0.047,41,10,1,0
61.08,14,POS,Entertainment,UK,0.158,0.033,1850,11,1,0
170.77,9,Bank Transfer,Food,India,0.248,0.513,36,12,0,0
158.53,10,POS,Electronics,India,0.184,0.133,2400,7,0,0
82.4,14,POS,Electronics,India,0.389,0.143,2881,10,0,0
161.81,18,Bank Transfer,Entertainment,India,0.748,0.16,262,8,0,0
108.94,6,POS,Utilities,India,0.057,0.271,2802,14,0,0
221.47,14,Online,Electronics,India,0.438,0.234,817,16,0,0
89.06,13,Online,Electronics,UAE,0.303,0.271,229,14,1,0
46.73,0,Bank Transfer,Entertainment,India,0.374,0.274,2410,13,0,0
93.3,21,Online,Food,UK,0.137,0.6,953,10,1,0
3.56,13,Online,Electronics,India,0.05,0.188,1319,16,0,0
97.8,5,ATM,Electronics,India,0.168,0.243,2953,12,0,0
1.74,15,Online,Food,India,0.154,0.489,2726,15,0,0
11.9,16,Bank Transfer,Grocery,India,0.524,0.378,1610,9,0,0
104.77,21,ATM,Grocery,India,0.351,0.251,2076,11,0,0
107.5,0,Online,Food,India,0.248,0.167,832,16,0,0
20.85,9,Bank Transfer,Travel,USA,0.265,0.38,163,14,1,0
32.72,4,Online,Food,India,0.579,0.468,2112,8,0,0
262.58,13,POS,Entertainment,India,0.287,0.588,1354,13,0,0
41.1,12,POS,Travel,India,0.406,0.086,2778,10,0,0
628.24,11,Online,Electronics,India,0.588,0.084,891,13,0,1
66.56,23,POS,Utilities,India,0.42,0.279,663,11,0,0
100.29,12,Online,Grocery,India,0.264,0.349,2282,13,0,0
335.92,9,Online,Entertainment,USA,0.063,0.637,1596,9,1,0
76.02,1,Online,Travel,USA,0.129,0.529,450,8,1,0
24.48,6,POS,Utilities,Singapore,0.116,0.284,1924,14,1,0
59.76,21,ATM,Electronics,UK,0.361,0.249,2647,8,1,0
64.35,10,Online,Grocery,India,0.504,0.16,1883,10,0,0
17.03,21,POS,Entertainment,India,0.226,0.551,2189,9,0,0
51.63,12,Online,Grocery,India,0.121,0.293,498,12,0,0
31.75,13,Online,Electronics,India,0.318,0.2,1758,12,0,0
168.07,10,Online,Food,India,0.317,0.265,2076,7,0,0
69.03,13,Online,Entertainment,India,0.181,0.164,1684,16,0,0
50.26,1,POS,Electronics,UAE,0.556,0.144,2817,13,1,0
59.97,1,Bank Transfer,Utilities,India,0.545,0.362,2855,5,0,0
83.36,11,Online,Electronics,India,0.241,0.349,1620,5,0,0
123.57,14,POS,Electronics,UAE,0.304,0.215,2591,10,1,0
24.54,13,ATM,Electronics,India,0.22,0.369,231,11,0,0
23.53,10,Online,Entertainment,India,0.244,0.109,2765,15,0,0
201.28,7,Online,Food,India,0.272,0.218,448,15,0,0
44.15,17,Online,Grocery,India,0.111,0.22,2466,10,0,0
16.17,14,Online,Entertainment,UAE,0.249,0.173,1338,9,1,0
103.94,1,Online,Electronics,USA,0.414,0.138,1052,9,1,1
105.99,10,POS,Electronics,India,0.1,0.281,2526,11,0,0
14.43,17,POS,Grocery,India,0.076,0.316,510,8,0,0
83.89,18,Bank Transfer,Utilities,India,0.345,0.319,1731,14,0,0
139.15,6,Online,Grocery,India,0.054,0.444,895,12,0,0
96.97,22,Online,Utilities,India,0.355,0.131,795,17,0,0
125.46,15,POS,Grocery,India,0.253,0.445,2884,7,0,0
16.37,10,ATM,Food,USA,0.261,0.35,489,16,1,0
92.86,15,POS,Grocery,Singapore,0.267,0.121,2890,18,1,0
49.27,20,POS,Electronics,UAE,0.022,0.419,82,12,1,0
41.15,5,POS,Utilities,Singapore,0.262,0.505,612,14,1,0
159.26,3,ATM,Food,India,0.12,0.186,1125,11,0,0
292.74,10,Online,Food,UK,0.329,0.396,679,13,1,0
401.16,2,POS,Grocery,UAE,0.282,0.425,780,14,1,0
248.34,20,POS,Utilities,India,0.207,0.423,1974,10,0,0
59.76,23,Online,Electronics,India,0.195,0.511,182,14,0,0
94.89,14,Online,Food,India,0.373,0.462,1660,10,0,1
143.57,23,Online,Utilities,UAE,0.598,0.345,1219,8,1,0
75.28,1,POS,Food,UAE,0.403,0.629,1693,11,1,0
76.0,15,ATM,Entertainment,UK,0.349,0.597,1041,9,1,0
151.98,10,Bank Transfer,Travel,India,0.062,0.532,2721,13,0,0
62.85,6,Online,Electronics,UAE,0.235,0.339,991,9,1,0
32.16,7,POS,Food,India,0.408,0.609,1671,11,0,0
44.06,13,Online,Travel,India,0.122,0.085,1314,15,0,0
125.7,15,POS,Electronics,India,0.191,0.137,1741,10,0,0
66.89,3,POS,Entertainment,UK,0.515,0.204,1190,3,1,0
93.71,14,POS,Utilities,Singapore,0.237,0.096,1984,11,1,0
130.33,22,Bank Transfer,Entertainment,India,0.588,0.202,615,10,0,0
45.84,0,Online,Utilities,India,0.686,0.355,1532,16,0,0
142.06,21,Bank Transfer,Utilities,India,0.46,0.016,2555,13,0,0
97.4,14,Online,Travel,India,0.099,0.236,1745,11,0,0
19.4,8,Online,Utilities,Singapore,0.564,0.692,607,13,1,1
282.11,17,POS,Food,India,0.081,0.221,2240,6,0,0
40.42,14,Online,Utilities,India,0.316,0.316,957,11,0,0
12.74,18,POS,Food,India,0.227,0.641,2745,14,0,0
23.45,1,Online,Grocery,USA,0.248,0.306,2476,11,1,0
24.02,1,POS,Food,Singapore,0.374,0.116,2796,9,1,0
70.26,15,Online,Entertainment,India,0.112,0.593,2507,14,0,0
50.71,7,Online,Grocery,India,0.471,0.312,2004,13,0,0
47.62,5,POS,Food,UAE,0.158,0.095,1983,12,1,0
123.93,10,POS,Food,India,0.291,0.274,806,10,0,0
93.68,17,Bank Transfer,Electronics,India,0.063,0.074,1112,21,0,0
91.47,4,POS,Entertainment,India,0.169,0.045,2601,10,0,0
100.47,23,POS,Grocery,UAE,0.118,0.326,1855,11,1,0
123.49,10,POS,Electronics,USA,0.17,0.137,2082,12,1,0
8.1,3,Online,Utilities,India,0.2,0.569,642,14,0,0
46.32,1,Online,Food,India,0.167,0.293,1103,9,0,0
7.54,20,POS,Travel,India,0.267,0.192,753,6,0,0
69.13,2,Online,Grocery,India,0.038,0.499,1882,6,0,0
66.38,10,Online,Food,India,0.309,0.109,1559,9,0,0
189.72,16,POS,Utilities,India,0.146,0.222,1268,9,0,0
218.69,12,Bank Transfer,Grocery,India,0.434,0.403,2305,12,0,0
81.68,6,Bank Transfer,Grocery,India,0.194,0.388,2500,13,0,0
40.43,2,POS,Electronics,India,0.327,0.557,2789,12,0,0
108.33,17,POS,Travel,India,0.115,0.515,1010,11,0,0
39.33,11,POS,Grocery,UK,0.386,0.118,1448,10,1,0
66.59,1,POS,Travel,India,0.164,0.17,1319,8,0,0
178.78,4,Online,Food,Singapore,0.256,0.203,2801,10,1,0
38.18,13,Online,Entertainment,UAE,0.331,0.895,2379,11,1,0
149.26,4,Online,Travel,UAE,0.539,0.17,2773,9,1,0
131.29,9,POS,Entertainment,India,0.181,0.077,602,18,0,0
25.67,2,POS,Entertainment,India,0.125,0.504,1635,10,0,0
176.6,19,Bank Transfer,Grocery,India,0.268,0.392,1692,14,0,0
134.1,15,Bank Transfer,Utilities,India,0.159,0.13,1283,14,0,0
73.84,18,POS,Travel,India,0.47,0.054,1347,4,0,0
31.11,1,Online,Entertainment,India,0.073,0.212,2534,3,0,0
28.24,9,Online,Entertainment,India,0.314,0.278,1102,13,0,0
38.95,6,Online,Utilities,UK,0.265,0.761,1332,16,1,0
114.73,14,Online,Electronics,India,0.329,0.228,330,11,0,0
25.65,19,Bank Transfer,Food,UAE,0.23,0.142,1906,13,1,0
103.29,5,POS,Grocery,UK,0.136,0.261,35,14,1,0
19.26,18,POS,Electronics,India,0.166,0.234,2243,14,0,0
54.38,13,Bank Transfer,Utilities,India,0.081,0.434,1841,9,0,0
74.41,19,POS,Grocery,India,0.256,0.364,2879,13,0,0
769.03,1,POS,Grocery,UAE,0.195,0.235,1680,16,1,0
16.82,23,ATM,Entertainment,USA,0.267,0.165,2161,9,1,0
290.62,10,ATM,Food,USA,0.183,0.4,2808,16,1,0
77.47,6,Online,Electronics,USA,0.219,0.114,686,9,1,0
100.6,4,ATM,Travel,India,0.407,0.108,904,9,0,0
75.06,23,Online,Travel,UAE,0.101,0.052,1562,7,1,0
104.03,21,POS,Entertainment,UAE,0.32,0.39,122,17,1,0
57.19,3,Online,Electronics,USA,0.436,0.402,719,8,1,0
285.45,10,ATM,Entertainment,India,0.101,0.315,1390,15,0,0
42.25,17,Bank Transfer,Electronics,India,0.195,0.34,734,14,0,0
206.9,14,POS,Electronics,India,0.28,0.174,126,13,0,0
35.01,4,POS,Travel,India,0.732,0.236,2239,6,0,0
62.79,8,ATM,Food,India,0.045,0.071,777,11,0,0
22.83,8,POS,Travel,UK,0.048,0.626,52,4,1,0
105.11,6,POS,Utilities,UAE,0.554,0.237,2005,16,1,0
282.91,23,ATM,Electronics,India,0.295,0.784,680,17,0,0
61.72,4,Online,Entertainment,India,0.095,0.29,1371,11,0,0
54.77,16,POS,Electronics,India,0.173,0.23,2282,6,0,0
21.88,21,POS,Electronics,UAE,0.431,0.189,982,15,1,0
53.02,19,POS,Electronics,UK,0.089,0.062,1755,8,1,0
13.56,19,ATM,Electronics,India,0.247,0.02,2398,9,0,0
26.77,3,Online,Electronics,India,0.152,0.261,2207,15,0,0
83.66,3,POS,Utilities,India,0.118,0.313,1010,13,0,0
249.39,18,Online,Entertainment,India,0.153,0.365,1193,11,0,0
1106.78,17,POS,Grocery,India,0.323,0.318,481,9,0,0
37.09,17,POS,Grocery,India,0.209,0.549,462,13,0,0
280.14,10,POS,Grocery,India,0.417,0.241,838,11,0,0
85.09,12,Online,Entertainment,India,0.451,0.25,2827,17,0,0
57.33,0,POS,Travel,India,0.383,0.295,2857,6,0,0
102.78,6,POS,Electronics,USA,0.284,0.417,2553,13,1,0
70.95,12,Online,Entertainment,India,0.313,0.592,751,12,0,0
74.47,3,Online,Grocery,India,0.15,0.078,1774,8,0,0
44.33,3,POS,Grocery,UAE,0.599,0.095,1087,8,1,0
16.48,1,POS,Grocery,India,0.339,0.072,827,15,0,0
14.24,5,POS,Travel,India,0.305,0.38,525,8,0,0
128.16,23,Online,Grocery,India,0.189,0.155,2874,11,0,0
50.57,16,ATM,Food,USA,0.57,0.318,1943,14,1,0
36.74,22,POS,Entertainment,India,0.198,0.135,2105,18,0,0
67.26,6,ATM,Travel,India,0.449,0.531,831,15,0,0
147.66,14,ATM,Food,India,0.359,0.426,2934,11,0,0
79.87,21,POS,Travel,USA,0.356,0.325,629,15,1,0
34.6,8,POS,Grocery,USA,0.14,0.391,547,10,1,0
227.31,15,POS,Electronics,USA,0.064,0.199,1761,10,1,0
323.5,16,POS,Entertainment,India,0.514,0.5,2800,14,0,0
109.35,19,Online,Travel,India,0.683,0.365,2293,14,0,0
176.56,23,POS,Entertainment,India,0.228,0.537,2852,14,0,0
230.89,14,ATM,Utilities,India,0.171,0.082,1775,15,0,0
206.46,13,Online,Grocery,India,0.351,0.201,745,18,0,0
123.24,20,ATM,Grocery,India,0.327,0.16,1495,11,0,0
121.31,16,ATM,Travel,UK,0.529,0.16,1497,7,1,0
112.13,8,Online,Utilities,India,0.119,0.04,2920,7,0,0
22.26,15,Bank Transfer,Grocery,India,0.235,0.437,884,14,0,0
134.39,13,Bank Transfer,Electronics,UAE,0.216,0.106,855,7,1,0
17.19,5,Online,Food,Singapore,0.049,0.219,1238,12,1,0
30.13,12,POS,Grocery,India,0.084,0.392,1418,8,0,0
245.57,14,Online,Grocery,UAE,0.166,0.337,1761,13,1,0
154.5,21,POS,Grocery,India,0.46,0.284,574,15,0,0
295.12,13,Online,Grocery,Singapore,0.231,0.143,2429,15,1,0
50.82,3,Online,Food,India,0.427,0.217,1509,13,0,0
21.07,23,Online,Utilities,India,0.3,0.529,1404,14,0,0
52.43,13,ATM,Electronics,UAE,0.509,0.185,1457,21,1,0
73.85,6,POS,Travel,India,0.013,0.202,2757,13,0,0
72.17,18,Online,Travel,Singapore,0.103,0.354,2315,13,1,0
207.2,9,POS,Utilities,India,0.465,0.195,1698,14,0,0
46.47,8,ATM,Utilities,India,0.271,0.174,1371,9,0,0
94.83,20,Online,Food,UAE,0.369,0.149,686,12,1,1
24.81,20,POS,Electronics,India,0.283,0.153,429,16,0,0
104.62,12,Online,Grocery,Singapore,0.36,0.329,2829,10,1,1
66.89,8,POS,Utilities,Singapore,0.361,0.493,2849,12,1,0
31.51,20,ATM,Grocery,India,0.343,0.277,834,15,0,0
52.68,4,Online,Grocery,India,0.122,0.297,804,16,0,0
55.47,17,Online,Entertainment,India,0.076,0.212,2566,16,0,0
50.9,14,Online,Travel,India,0.09,0.369,735,16,0,0
392.03,20,Bank Transfer,Grocery,India,0.434,0.464,2050,14,0,0
60.43,10,ATM,Food,India,0.451,0.29,2705,11,0,0
52.25,19,Online,Grocery,UK,0.51,0.171,2779,15,1,0
8.19,0,ATM,Travel,India,0.205,0.357,1987,10,0,0
27.27,18,Online,Food,USA,0.423,0.167,347,14,1,0
51.26,1,ATM,Travel,India,0.722,0.215,2657,12,0,0
33.59,15,ATM,Entertainment,India,0.589,0.077,599,11,0,0
265.52,4,POS,Grocery,India,0.15,0.067,864,13,0,0
56.55,23,POS,Food,India,0.177,0.26,532,18,0,0
241.88,18,POS,Grocery,India,0.192,0.127,158,14,0,0
70.93,2,POS,Entertainment,India,0.097,0.091,579,12,0,0
69.22,21,Online,Entertainment,UK,0.243,0.324,1300,13,1,0
61.02,6,POS,Entertainment,UK,0.196,0.138,42,10,1,0
66.94,13,Online,Travel,India,0.174,0.219,736,12,0,0
371.96,2,POS,Travel,Singapore,0.785,0.12,451,11,1,1
6.56,2,POS,Utilities,UAE,0.235,0.319,2190,16,1,0
9.01,5,Online,Entertainment,India,0.689,0.337,2051,11,0,0
38.74,12,Online,Travel,UAE,0.257,0.402,646,9,1,0
67.66,13,Online,Grocery,India,0.309,0.076,2597,8,0,0
132.97,20,ATM,Electronics,USA,0.338,0.249,235,10,1,0
107.03,3,Bank Transfer,Food,India,0.249,0.541,476,12,0,0
45.41,17,Online,Electronics,UK,0.157,0.211,1419,11,1,0
184.76,0,POS,Entertainment,Singapore,0.145,0.341,2726,17,1,1
186.83,6,POS,Food,UAE,0.133,0.169,846,22,1,0
80.16,4,Bank Transfer,Utilities,UAE,0.601,0.262,2890,7,1,0
174.63,2,Online,Utilities,India,0.144,0.08,764,13,0,0
87.59,14,ATM,Electronics,USA,0.58,0.336,1898,16,1,0
38.04,21,Online,Utilities,India,0.483,0.104,944,7,0,0
134.0,16,POS,Electronics,India,0.33,0.651,1791,13,0,0
74.49,20,Online,Grocery,India,0.128,0.075,919,19,0,0
66.78,14,ATM,Travel,UAE,0.172,0.333,735,15,1,0
290.89,1,Bank Transfer,Electronics,USA,0.214,0.374,1326,6,1,0
5.75,8,POS,Utilities,India,0.399,0.002,992,20,0,0
16.16,19,Online,Entertainment,UAE,0.381,0.584,1731,18,1,1
20.35,1,POS,Grocery,UK,0.032,0.313,1471,8,1,0
46.37,2,Bank Transfer,Grocery,India,0.192,0.356,1616,9,0,0
51.7,20,POS,Food,India,0.188,0.244,446,8,0,0
14.77,1,ATM,Food,USA,0.192,0.402,1786,12,1,0
24.9,23,POS,Entertainment,USA,0.489,0.263,2182,10,1,0
28.2,18,Online,Travel,India,0.239,0.147,387,9,0,0
778.54,15,Online,Entertainment,India,0.083,0.306,602,15,0,0
404.13,12,POS,Electronics,India,0.422,0.233,180,11,0,0
44.18,2,ATM,Electronics,India,0.264,0.099,679,14,0,0
46.36,9,Bank Transfer,Electronics,India,0.538,0.077,2795,7,0,0
21.13,19,Bank Transfer,Utilities,India,0.332,0.15,287,18,0,0
9.89,21,POS,Electronics,India,0.271,0.125,669,14,0,0
59.33,10,ATM,Food,India,0.141,0.098,416,10,0,0
24.59,20,Online,Utilities,India,0.496,0.254,2491,19,0,0
61.26,18,Online,Grocery,India,0.357,0.299,1740,12,0,0
13.46,1,Online,Food,India,0.217,0.419,199,16,0,0
31.13,14,Online,Entertainment,UAE,0.306,0.415,709,12,1,0
77.37,14,POS,Utilities,India,0.03,0.241,2027,4,0,0
96.18,13,Online,Grocery,India,0.217,0.656,2257,19,0,0
101.24,18,POS,Entertainment,India,0.392,0.141,1809,7,0,0
17.81,21,POS,Entertainment,USA,0.303,0.324,1697,12,1,0
156.76,13,POS,Electronics,India,0.299,0.14,1388,10,0,0
29.96,7,POS,Entertainment,India,0.342,0.211,2511,8,0,0
125.57,23,ATM,Electronics,Singapore,0.412,0.378,1121,13,1,0
65.98,23,Online,Food,UK,0.332,0.443,2895,14,1,0
16.84,16,POS,Electronics,India,0.314,0.364,2593,11,0,0
48.61,15,ATM,Travel,India,0.252,0.202,2786,9,0,0
96.1,2,Bank Transfer,Entertainment,UAE,0.185,0.159,2109,7,1,0
123.1,9,Bank Transfer,Travel,UAE,0.504,0.3,1034,9,1,0
57.92,4,ATM,Travel,USA,0.219,0.393,1940,8,1,0
308.52,12,Bank Transfer,Utilities,UK,0.15,0.211,1382,8,1,0
182.64,19,Online,Utilities,Singapore,0.178,0.321,2782,24,1,0
51.59,5,Bank Transfer,Food,UAE,0.146,0.143,2721,13,1,0
141.19,23,Bank Transfer,Food,India,0.283,0.438,202,10,0,0
461.18,3,POS,Electronics,UAE,0.136,0.202,2260,13,1,0
473.66,2,Bank Transfer,Food,USA,0.246,0.335,2247,10,1,0
19.53,23,ATM,Food,India,0.538,0.466,1834,11,0,0
26.4,2,ATM,Food,India,0.327,0.312,2903,16,0,0
294.39,17,Bank Transfer,Food,India,0.265,0.37,236,9,0,0
23.14,18,Online,Food,UK,0.071,0.404,2913,19,1,0
17.77,7,Online,Utilities,USA,0.3,0.444,13,14,1,0
41.01,1,Online,Entertainment,India,0.018,0.388,521,11,0,0
101.52,7,ATM,Electronics,India,0.422,0.249,1937,14,0,0
60.2,1,Bank Transfer,Food,India,0.054,0.468,2429,10,0,0
34.79,16,Bank Transfer,Travel,India,0.058,0.286,2715,14,0,0
33.98,21,ATM,Travel,India,0.321,0.214,177,11,0,0
32.71,23,Bank Transfer,Entertainment,India,0.265,0.276,2470,11,0,0
27.67,19,POS,Food,India,0.443,0.486,2076,11,0,0
653.04,18,Bank Transfer,Grocery,India,0.433,0.401,1205,10,0,0
89.79,21,POS,Electronics,India,0.152,0.43,1924,13,0,0
161.86,18,Online,Utilities,India,0.258,0.368,1188,13,0,0
40.89,15,POS,Food,UAE,0.223,0.393,1367,12,1,0
55.37,23,Online,Utilities,UK,0.521,0.307,624,12,1,0
32.67,7,Online,Food,USA,0.324,0.319,1034,12,1,0
4.7,9,POS,Grocery,India,0.211,0.192,1990,10,0,0
16.81,21,Online,Travel,India,0.233,0.613,718,12,0,0
10.91,7,ATM,Grocery,Singapore,0.037,0.163,2381,13,1,0
7.03,7,POS,Entertainment,India,0.557,0.21,1048,8,0,0
20.18,3,Online,Entertainment,India,0.629,0.438,2769,12,0,0
250.88,6,POS,Electronics,India,0.611,0.358,299,11,0,0
63.79,14,POS,Entertainment,USA,0.108,0.199,1052,20,1,0
242.39,21,POS,Food,India,0.378,0.263,907,10,0,0
100.58,3,Online,Entertainment,India,0.416,0.354,1712,12,0,0
145.85,16,ATM,Entertainment,India,0.427,0.531,1523,12,0,0
27.09,18,Online,Electronics,India,0.19,0.377,195,17,0,0
112.61,21,ATM,Food,India,0.297,0.492,1544,12,0,0
138.2,18,Online,Travel,UK,0.268,0.296,1598,14,1,0
37.46,3,ATM,Entertainment,UAE,0.408,0.13,1731,14,1,0
116.69,11,Bank Transfer,Utilities,India,0.438,0.184,1603,11,0,0
117.47,22,Online,Travel,India,0.17,0.195,2181,16,0,0
38.49,21,POS,Entertainment,India,0.122,0.261,2161,12,0,0
21.7,14,POS,Grocery,India,0.369,0.169,350,8,0,0
20.41,23,Online,Electronics,Singapore,0.033,0.115,1913,15,1,0
72.71,16,Online,Entertainment,USA,0.475,0.249,2550,14,1,0
92.48,1,POS,Travel,India,0.414,0.419,1398,16,0,0
30.19,21,Bank Transfer,Travel,UK,0.522,0.017,1098,12,1,0
68.48,4,Bank Transfer,Electronics,India,0.255,0.767,1564,15,0,0
117.98,9,POS,Grocery,India,0.246,0.259,574,13,0,0
123.74,5,POS,Food,UAE,0.237,0.174,1361,7,1,0
314.78,17,POS,Grocery,India,0.275,0.239,538,10,0,0
239.12,0,Online,Travel,India,0.18,0.241,1077,9,0,0
24.5,15,Bank Transfer,Travel,Singapore,0.234,0.323,2417,13,1,0
359.09,20,Online,Utilities,India,0.515,0.419,2760,10,0,0
39.21,18,POS,Utilities,India,0.598,0.368,1434,13,0,0
189.59,7,Online,Grocery,India,0.112,0.167,2801,10,0,0
71.38,21,POS,Grocery,India,0.102,0.558,773,14,0,0
44.16,8,Online,Entertainment,India,0.682,0.211,758,13,0,0
10.94,16,Online,Travel,India,0.201,0.04,2794,13,0,0
56.17,12,Online,Food,India,0.053,0.649,1864,7,0,0
14.02,1,Online,Utilities,India,0.364,0.155,1758,12,0,0
175.44,0,Bank Transfer,Grocery,India,0.198,0.3,1084,15,0,0
303.93,4,POS,Utilities,Singapore,0.096,0.622,1903,11,1,0
30.06,22,ATM,Grocery,India,0.284,0.159,2821,17,0,0
90.19,22,POS,Travel,India,0.223,0.503,744,14,0,0
32.29,9,POS,Food,UK,0.307,0.311,2284,8,1,0
35.57,23,Bank Transfer,Utilities,India,0.115,0.28,1199,16,0,0
144.68,1,Online,Food,India,0.536,0.149,1053,14,0,0
64.17,23,POS,Grocery,India,0.387,0.267,921,9,0,0
379.8,5,Online,Travel,India,0.266,0.212,2584,13,0,0
41.17,0,ATM,Entertainment,UAE,0.324,0.242,738,8,1,0
181.15,18,Bank Transfer,Food,India,0.296,0.232,1279,9,0,0
73.51,9,Online,Grocery,Singapore,0.323,0.299,2696,6,1,0
147.79,7,POS,Food,India,0.242,0.166,1463,14,0,0
42.64,18,Online,Electronics,India,0.338,0.193,386,13,0,0
63.46,7,POS,Grocery,India,0.343,0.35,2928,16,0,0
59.41,18,POS,Travel,India,0.073,0.342,268,20,0,0
28.9,4,Online,Utilities,India,0.312,0.524,2689,6,0,1
129.29,2,ATM,Entertainment,USA,0.35,0.043,1141,16,1,0
127.77,7,POS,Grocery,India,0.267,0.372,1954,10,0,0
120.73,14,ATM,Grocery,Singapore,0.212,0.315,1973,13,1,0
310.12,5,ATM,Electronics,UAE,0.463,0.338,804,9,1,0
284.11,3,ATM,Electronics,India,0.031,0.046,947,20,0,0
45.84,17,POS,Electronics,UAE,0.248,0.56,400,9,1,0
96.84,11,Online,Entertainment,India,0.429,0.251,607,7,0,0
35.74,10,POS,Travel,India,0.306,0.303,165,13,0,0
68.26,5,POS,Grocery,India,0.074,0.087,164,14,0,0
36.61,0,POS,Entertainment,India,0.217,0.168,1250,13,0,0
337.0,1,POS,Utilities,India,0.207,0.16,2498,14,0,0
95.94,16,POS,Travel,India,0.311,0.433,1180,12,0,0
53.62,1,POS,Electronics,Singapore,0.166,0.486,2209,11,1,0
220.0,5,Bank Transfer,Food,India,0.247,0.2,980,11,0,0
7.61,21,ATM,Grocery,UK,0.258,0.22,1934,14,1,0
8.9,8,POS,Utilities,India,0.214,0.251,1564,16,0,0
147.8,17,Bank Transfer,Travel,India,0.237,0.251,2199,9,0,0
70.84,8,POS,Food,India,0.037,0.144,2037,17,0,0
85.67,22,Online,Electronics,India,0.035,0.097,2524,6,0,0
17.7,19,ATM,Entertainment,India,0.169,0.471,1661,16,0,0
65.15,11,Online,Travel,UK,0.277,0.184,798,9,1,0
494.48,16,POS,Grocery,India,0.676,0.438,251,13,0,1
152.05,9,Online,Food,India,0.368,0.108,2372,8,0,0
79.02,22,Online,Utilities,UK,0.423,0.176,604,14,1,0
42.99,8,Online,Food,USA,0.09,0.325,310,13,1,0
44.94,20,Online,Entertainment,UAE,0.279,0.243,1277,14,1,0
7.93,14,Online,Electronics,India,0.269,0.186,2799,11,0,0
86.28,15,POS,Grocery,USA,0.215,0.482,964,11,1,0
155.32,8,Online,Electronics,India,0.171,0.109,1694,10,0,0
13.8,19,POS,Utilities,USA,0.292,0.244,1396,8,1,0
34.42,17,Bank Transfer,Entertainment,India,0.429,0.314,2291,8,0,0
20.96,19,ATM,Entertainment,India,0.094,0.339,2449,16,0,0
25.4,19,Online,Travel,UAE,0.49,0.436,1461,8,1,0
70.35,3,ATM,Food,USA,0.326,0.201,1303,9,1,0
8.29,21,POS,Food,India,0.2,0.245,1201,18,0,0
123.26,20,POS,Food,India,0.128,0.228,2120,10,0,0
141.72,5,Online,Utilities,USA,0.333,0.45,2118,15,1,0
51.88,23,Online,Entertainment,India,0.092,0.158,781,8,0,0
5.58,12,ATM,Travel,India,0.312,0.43,989,10,0,0
24.62,7,Bank Transfer,Travel,India,0.363,0.118,2153,11,0,0
228.81,5,Online,Food,India,0.022,0.111,1800,15,0,0
4.15,8,Online,Utilities,India,0.321,0.15,2195,14,0,0
47.11,0,Online,Utilities,UK,0.055,0.365,5,15,1,0
20.49,16,POS,Food,India,0.013,0.193,2655,11,0,0
149.09,16,POS,Food,Singapore,0.222,0.12,2514,9,1,0
33.95,16,Bank Transfer,Entertainment,UAE,0.291,0.17,2676,15,1,0
99.88,13,ATM,Utilities,India,0.251,0.189,501,16,0,0
117.39,8,Bank Transfer,Grocery,USA,0.337,0.313,1690,14,1,0
418.31,17,POS,Travel,India,0.488,0.285,1841,8,0,0
54.44,20,POS,Electronics,UAE,0.493,0.405,868,22,1,0
97.13,2,Online,Food,India,0.189,0.385,2565,11,0,0
15.1,9,Bank Transfer,Travel,India,0.171,0.188,179,15,0,0
219.29,23,POS,Travel,India,0.177,0.021,2041,11,0,0
31.17,20,POS,Grocery,UAE,0.123,0.217,1714,10,1,0
38.06,23,POS,Grocery,India,0.267,0.348,1421,10,0,0
65.22,4,ATM,Electronics,UK,0.517,0.236,2313,10,1,0
13.97,11,ATM,Utilities,India,0.487,0.152,1513,11,0,0
83.83,3,Online,Travel,India,0.217,0.272,202,10,0,0
175.47,20,POS,Travel,India,0.14,0.391,1318,7,0,0
89.38,12,ATM,Travel,India,0.222,0.401,2801,19,0,0
13.61,5,Online,Utilities,India,0.304,0.404,104,22,0,0
58.92,2,POS,Food,India,0.324,0.271,180,9,0,0
140.05,17,POS,Food,UK,0.295,0.188,2322,12,1,0
10.2,19,Online,Travel,USA,0.248,0.377,327,14,1,0
22.77,21,POS,Utilities,India,0.274,0.286,2868,11,0,0
160.22,23,Bank Transfer,Travel,India,0.648,0.492,1625,7,0,0
87.37,19,Online,Utilities,India,0.661,0.477,2161,10,0,0
100.68,18,Online,Utilities,USA,0.227,0.23,2099,14,1,0
428.16,19,Online,Food,UK,0.22,0.385,2696,8,1,0
106.54,23,Online,Utilities,Singapore,0.196,0.079,2996,12,1,0
128.75,11,POS,Utilities,Singapore,0.558,0.123,2614,6,1,0
1002.99,18,Online,Food,India,0.432,0.393,2032,16,0,0
53.85,19,POS,Entertainment,India,0.09,0.447,1066,19,0,0
30.03,2,Online,Food,Singapore,0.405,0.123,969,9,1,0
102.29,16,ATM,Food,India,0.509,0.125,1089,6,0,0
103.44,8,Online,Electronics,India,0.485,0.056,2910,10,0,0
39.38,3,Online,Food,India,0.137,0.61,1378,8,0,0
23.75,4,POS,Travel,UK,0.334,0.347,125,17,1,0
671.72,2,Online,Travel,USA,0.19,0.125,275,11,1,0
92.47,21,POS,Travel,UAE,0.201,0.335,1670,9,1,0
32.06,18,Bank Transfer,Grocery,India,0.184,0.161,135,10,0,0
166.66,2,Online,Utilities,India,0.056,0.069,2046,12,0,0
59.79,15,Bank Transfer,Travel,India,0.281,0.219,8,9,0,0
51.79,15,Online,Entertainment,UK,0.266,0.787,2002,16,1,0
117.01,12,ATM,Electronics,India,0.289,0.383,1586,17,0,0
18.32,14,POS,Electronics,UAE,0.386,0.361,2004,9,1,0
94.88,21,POS,Travel,India,0.483,0.117,1616,11,0,0
451.67,12,POS,Entertainment,UK,0.049,0.2,1191,12,1,0
106.29,15,POS,Food,UK,0.113,0.542,234,8,1,0
45.78,13,Bank Transfer,Electronics,India,0.14,0.315,1787,14,0,0
40.16,9,ATM,Food,USA,0.534,0.131,533,12,1,0
44.24,21,Online,Entertainment,India,0.396,0.514,2659,13,0,0
51.73,9,Online,Food,UK,0.308,0.386,2224,8,1,0
45.7,19,Online,Electronics,UK,0.267,0.092,2841,7,1,0
166.72,14,Online,Utilities,India,0.051,0.15,1596,14,0,0
11.78,16,ATM,Utilities,India,0.385,0.494,2766,12,0,0
157.91,18,Online,Utilities,UAE,0.266,0.229,2336,10,1,0
45.62,17,ATM,Grocery,UAE,0.1,0.502,2494,19,1,0
97.22,13,POS,Utilities,India,0.194,0.558,602,16,0,0
21.61,14,Bank Transfer,Travel,UAE,0.1,0.276,2337,11,1,0
251.8,12,POS,Food,India,0.375,0.246,1715,17,0,0
231.74,8,Online,Food,India,0.211,0.044,2359,14,0,0
174.09,17,Bank Transfer,Travel,India,0.315,0.194,719,13,0,0
14.66,21,POS,Grocery,India,0.422,0.121,769,8,0,0
152.8,16,POS,Utilities,India,0.124,0.222,2880,11,0,0
99.97,18,Online,Utilities,USA,0.06,0.368,1225,10,1,0
13.39,19,Online,Travel,India,0.061,0.172,2772,12,0,0
65.09,8,Bank Transfer,Food,India,0.319,0.1,667,15,0,0
96.02,1,ATM,Grocery,USA,0.506,0.289,978,15,1,0
116.29,8,Online,Food,UK,0.337,0.253,1244,10,1,0
79.62,18,Bank Transfer,Travel,UAE,0.168,0.217,465,16,1,0
89.23,19,Online,Entertainment,India,0.278,0.493,1261,17,0,0
291.08,12,Bank Transfer,Food,Singapore,0.054,0.165,443,10,1,0
227.25,18,POS,Electronics,India,0.18,0.342,435,11,0,0
3.79,1,Online,Entertainment,India,0.534,0.287,529,11,0,1
48.55,15,POS,Electronics,USA,0.216,0.327,1072,8,1,0
56.56,16,POS,Grocery,India,0.327,0.587,1895,14,0,0
11.56,12,ATM,Food,UK,0.659,0.36,1137,16,1,0
73.27,17,POS,Entertainment,India,0.126,0.211,538,12,0,0
232.47,11,Online,Electronics,India,0.425,0.24,2861,9,0,0
22.5,12,Online,Travel,India,0.228,0.26,552,15,0,0
93.35,14,POS,Grocery,India,0.172,0.133,1909,9,0,0
26.69,19,Online,Travel,India,0.122,0.399,1208,10,0,0
34.06,5,Online,Entertainment,India,0.36,0.358,167,9,0,0
292.19,7,Bank Transfer,Travel,India,0.062,0.213,2381,18,0,0
38.76,10,POS,Utilities,UK,0.07,0.168,315,17,1,0
105.87,4,Bank Transfer,Travel,India,0.126,0.285,401,11,0,0
10.27,8,ATM,Electronics,India,0.372,0.177,141,14,0,0
429.37,8,Online,Entertainment,India,0.187,0.349,471,13,0,0
121.83,7,Online,Food,India,0.147,0.121,943,10,0,0
55.56,9,ATM,Grocery,India,0.451,0.398,227,11,0,0
118.58,12,ATM,Grocery,USA,0.062,0.18,543,17,1,0
16.28,16,POS,Travel,Singapore,0.526,0.513,192,11,1,0
217.57,7,Bank Transfer,Utilities,India,0.266,0.198,664,20,0,0
48.23,20,Bank Transfer,Grocery,UK,0.204,0.283,493,13,1,0
54.38,11,Online,Grocery,India,0.089,0.102,848,6,0,0
40.79,17,ATM,Entertainment,India,0.259,0.216,2387,7,0,0
37.31,2,Online,Food,India,0.106,0.279,355,7,0,0
133.58,4,ATM,Utilities,India,0.448,0.329,2955,11,0,0
86.13,10,ATM,Travel,India,0.333,0.511,1534,13,0,0
127.96,8,POS,Food,India,0.567,0.076,615,8,0,0
66.1,11,POS,Grocery,India,0.134,0.479,486,15,0,0
111.41,3,POS,Food,India,0.087,0.319,546,12,0,0
43.87,11,Bank Transfer,Grocery,India,0.105,0.08,2298,15,0,0
620.01,16,Online,Utilities,UK,0.72,0.544,496,11,1,1
13.9,17,Bank Transfer,Electronics,Singapore,0.289,0.306,1656,20,1,1
235.32,5,Online,Travel,India,0.292,0.231,132,11,0,0
261.89,8,POS,Utilities,India,0.22,0.511,1329,12,0,0
28.44,12,Bank Transfer,Grocery,India,0.467,0.045,2522,19,0,0
619.72,12,Online,Entertainment,Singapore,0.132,0.423,2405,8,1,0
180.46,19,Online,Food,India,0.252,0.081,1530,11,0,0
176.12,9,POS,Entertainment,India,0.309,0.276,778,12,0,0
68.58,16,POS,Travel,UAE,0.437,0.306,991,13,1,0
53.67,21,POS,Utilities,India,0.365,0.192,984,9,0,0
54.09,7,Online,Electronics,India,0.566,0.105,628,7,0,0
98.55,19,Online,Electronics,Singapore,0.125,0.177,1988,12,1,0
270.75,7,POS,Electronics,UAE,0.2,0.335,524,15,1,0
79.94,8,POS,Travel,India,0.477,0.435,2895,14,0,0
26.8,15,POS,Travel,India,0.269,0.114,331,13,0,0
152.08,14,Online,Grocery,India,0.396,0.116,1873,16,0,0
167.53,13,Bank Transfer,Electronics,India,0.289,0.261,1998,12,0,0
128.34,5,Online,Electronics,India,0.301,0.131,1968,13,0,0
140.54,2,POS,Electronics,India,0.069,0.119,1978,10,0,0
50.86,21,Online,Utilities,India,0.349,0.069,1349,13,0,0
26.34,20,Bank Transfer,Grocery,UK,0.339,0.393,383,7,1,0
27.99,21,ATM,Utilities,UAE,0.096,0.505,1857,19,1,0
12.99,12,ATM,Utilities,Singapore,0.243,0.207,635,9,1,0
84.52,21,Bank Transfer,Grocery,India,0.16,0.468,611,13,0,0
61.35,11,Online,Entertainment,India,0.59,0.173,2455,8,0,0
42.95,1,Bank Transfer,Travel,India,0.201,0.385,418,13,0,0
3.47,4,POS,Grocery,India,0.053,0.288,1604,9,0,0
19.16,6,ATM,Utilities,India,0.459,0.21,1094,10,0,0
204.56,9,Bank Transfer,Grocery,UK,0.355,0.133,534,15,1,0
34.31,22,Bank Transfer,Travel,India,0.197,0.224,2862,7,0,0
95.64,7,Online,Grocery,India,0.279,0.097,1955,15,0,0
16.6,14,ATM,Grocery,India,0.324,0.074,1446,11,0,0
281.1,6,POS,Grocery,UAE,0.364,0.219,2526,6,1,1
57.74,15,Online,Utilities,USA,0.234,0.354,1030,9,1,0
89.13,13,Online,Grocery,India,0.331,0.295,986,13,0,0
682.51,3,Online,Entertainment,India,0.407,0.205,102,15,0,0
303.82,11,Online,Grocery,UAE,0.08,0.357,2285,13,1,0
49.08,2,POS,Utilities,India,0.109,0.501,2900,12,0,0
36.85,21,POS,Utilities,India,0.172,0.29,2522,15,0,0
48.16,16,POS,Food,USA,0.076,0.196,57,15,1,0
111.04,22,Online,Entertainment,USA,0.62,0.345,1043,7,1,0
60.03,21,Online,Travel,India,0.106,0.13,2876,14,0,0
44.91,5,ATM,Entertainment,UAE,0.432,0.522,2772,13,1,0
289.22,16,POS,Travel,India,0.085,0.118,632,7,0,0
59.49,2,ATM,Food,India,0.147,0.101,1208,13,0,0
664.87,23,Online,Utilities,India,0.411,0.256,1658,15,0,0
73.02,18,POS,Entertainment,India,0.51,0.255,321,4,0,0
397.55,16,POS,Travel,India,0.093,0.256,1172,8,0,0
95.33,23,Online,Entertainment,UK,0.386,0.294,2272,7,1,0
174.68,20,Online,Utilities,Singapore,0.057,0.357,2253,16,1,0
32.31,20,POS,Utilities,India,0.092,0.175,522,10,0,0
28.4,2,POS,Entertainment,UK,0.452,0.195,1566,11,1,1
105.61,0,POS,Entertainment,UAE,0.586,0.138,619,12,1,0
179.21,23,POS,Entertainment,India,0.475,0.132,2232,14,0,0
69.43,6,POS,Entertainment,USA,0.44,0.308,1966,10,1,0
18.42,10,ATM,Grocery,UAE,0.324,0.475,2071,5,1,0
17.11,1,Online,Entertainment,UK,0.208,0.528,1521,12,1,0
16.0,14,Online,Travel,India,0.518,0.496,1113,8,0,0
11.39,19,Online,Food,Singapore,0.345,0.09,239,10,1,0
74.4,20,Online,Electronics,USA,0.151,0.226,2255,13,1,0
205.42,13,POS,Travel,India,0.095,0.133,2401,8,0,0
65.8,15,POS,Travel,India,0.14,0.123,1275,14,0,0
6.96,12,POS,Grocery,India,0.242,0.205,61,10,0,0
55.1,10,Online,Electronics,India,0.199,0.148,1662,12,0,0
56.67,13,Online,Electronics,India,0.419,0.386,573,12,0,0
542.4,22,Online,Electronics,India,0.111,0.242,2781,15,0,0
15.53,6,Online,Grocery,Singapore,0.316,0.235,1878,15,1,0
45.12,11,Bank Transfer,Food,USA,0.042,0.738,2958,13,1,0
367.18,14,POS,Travel,India,0.172,0.3,2308,16,0,0
104.58,13,Online,Utilities,India,0.505,0.436,2641,9,0,0
117.13,0,Online,Grocery,India,0.15,0.307,1367,10,0,0
74.78,6,ATM,Grocery,India,0.394,0.274,2833,18,0,0
92.75,15,ATM,Travel,India,0.074,0.33,1357,12,0,0
145.13,16,ATM,Electronics,India,0.153,0.118,1178,12,0,0
29.68,17,POS,Utilities,UAE,0.285,0.189,2819,15,1,0
160.46,23,Online,Food,India,0.442,0.448,1071,17,0,0
16.89,16,ATM,Electronics,India,0.279,0.633,908,8,0,0
92.61,13,Online,Utilities,Singapore,0.317,0.05,1560,9,1,0
79.74,7,Bank Transfer,Travel,India,0.114,0.257,1645,15,0,0
36.01,8,Online,Utilities,India,0.281,0.188,1626,13,0,0
65.19,19,Online,Electronics,India,0.288,0.06,1934,16,0,0
35.78,11,Online,Travel,USA,0.221,0.175,1377,13,1,0
22.84,17,Online,Travel,India,0.504,0.03,2782,11,0,0
46.82,2,ATM,Grocery,UK,0.117,0.48,2685,8,1,0
22.11,3,POS,Entertainment,India,0.064,0.129,2293,14,0,0
92.09,5,Online,Food,Singapore,0.31,0.122,1073,12,1,0
21.11,4,Online,Food,India,0.405,0.256,356,14,0,1
135.91,14,Bank Transfer,Food,UK,0.259,0.129,10,9,1,0
20.46,15,Online,Grocery,USA,0.356,0.204,2296,13,1,1
37.85,13,Bank Transfer,Utilities,India,0.584,0.238,475,19,0,0
35.71,6,Bank Transfer,Food,USA,0.171,0.074,1865,13,1,0
250.92,13,POS,Entertainment,USA,0.086,0.332,1326,10,1,0
92.79,2,Bank Transfer,Grocery,India,0.414,0.145,2323,13,0,0
53.96,11,Bank Transfer,Entertainment,USA,0.178,0.335,2563,8,1,1
109.81,3,POS,Entertainment,India,0.284,0.183,294,12,0,0
8.11,1,Online,Electronics,India,0.342,0.071,1449,17,0,0
63.87,3,POS,Utilities,India,0.364,0.045,2761,9,0,0
491.53,2,Online,Food,India,0.771,0.27,1146,14,0,0
76.12,11,POS,Utilities,India,0.323,0.541,2381,9,0,0
71.37,13,ATM,Entertainment,India,0.076,0.13,2224,14,0,0
115.37,14,Online,Travel,India,0.692,0.093,2543,15,0,0
163.3,10,Online,Utilities,India,0.543,0.391,220,8,0,0
9.05,4,POS,Entertainment,India,0.332,0.508,2642,13,0,0
12.4,0,Online,Travel,India,0.378,0.302,44,15,0,0
82.29,17,Online,Entertainment,UAE,0.147,0.104,288,7,1,0
32.63,23,Online,Electronics,UK,0.395,0.096,542,14,1,0
247.65,6,POS,Utilities,India,0.121,0.566,2394,16,0,0
48.66,4,POS,Travel,India,0.254,0.549,443,12,0,0
9.64,7,Online,Travel,India,0.163,0.377,2100,14,0,0
18.76,5,Bank Transfer,Electronics,India,0.262,0.023,875,8,0,0
4.26,5,POS,Electronics,India,0.329,0.436,2041,8,0,0
52.77,11,Online,Food,USA,0.065,0.387,2089,17,1,0
55.24,18,POS,Travel,India,0.368,0.108,1147,16,0,0
43.62,17,ATM,Entertainment,India,0.086,0.224,2890,12,0,0
196.15,23,POS,Grocery,USA,0.416,0.355,792,16,1,0
221.08,8,Online,Travel,India,0.317,0.347,244,8,0,0
56.24,11,Online,Food,Singapore,0.162,0.276,1827,9,1,0
7.89,9,POS,Travel,UAE,0.08,0.416,165,8,1,0
123.63,1,POS,Electronics,India,0.38,0.035,858,9,0,0
116.21,9,Online,Food,UK,0.457,0.627,1539,12,1,0
90.87,6,Online,Travel,UK,0.169,0.303,2751,9,1,0
177.95,11,Bank Transfer,Utilities,India,0.276,0.162,2119,12,0,0
20.8,3,Online,Utilities,India,0.197,0.319,1825,15,0,0
497.08,17,Bank Transfer,Utilities,UK,0.806,0.479,1593,11,1,0
25.55,20,Online,Electronics,India,0.192,0.231,1077,17,0,0
141.07,23,POS,Electronics,India,0.276,0.301,2484,8,0,0
12.34,2,POS,Utilities,India,0.556,0.098,64,9,0,0
26.3,2,Online,Entertainment,India,0.168,0.471,478,13,0,0
303.8,23,POS,Entertainment,India,0.296,0.426,481,16,0,0
51.37,20,Bank Transfer,Travel,UAE,0.289,0.516,1867,12,1,0
154.46,14,Online,Utilities,India,0.345,0.471,873,5,0,0
84.52,7,Online,Food,India,0.208,0.212,198,14,0,0
60.04,12,Online,Entertainment,USA,0.696,0.524,487,6,1,0
260.83,12,Online,Entertainment,India,0.338,0.37,1980,9,0,0
52.63,20,Online,Grocery,USA,0.199,0.633,1636,7,1,0
11.24,12,POS,Grocery,India,0.114,0.295,1611,13,0,0
29.87,0,POS,Grocery,India,0.406,0.222,2163,16,0,0
115.72,16,POS,Food,India,0.312,0.504,1557,12,0,0
99.04,18,POS,Utilities,UAE,0.299,0.428,2652,15,1,0
13.91,7,Online,Grocery,UAE,0.409,0.068,1708,12,1,0
32.32,2,POS,Grocery,India,0.287,0.381,1934,11,0,0
37.27,3,POS,Electronics,India,0.237,0.241,953,10,0,0
46.27,20,Bank Transfer,Electronics,India,0.18,0.371,1735,15,0,0
16.85,10,Bank Transfer,Grocery,UAE,0.47,0.402,547,7,1,0
35.57,12,Online,Food,UK,0.372,0.108,719,20,1,0
32.18,23,Online,Utilities,India,0.119,0.57,2878,14,0,0
144.25,1,ATM,Travel,Singapore,0.355,0.305,2621,15,1,0
149.77,4,POS,Grocery,India,0.266,0.302,1219,10,0,0
57.64,19,Online,Travel,India,0.292,0.134,948,21,0,0
45.06,12,POS,Travel,India,0.24,0.254,1853,8,0,0
76.7,0,Online,Electronics,India,0.092,0.541,2109,14,0,0
29.47,16,Bank Transfer,Grocery,India,0.182,0.268,99,12,0,0
21.18,3,ATM,Electronics,India,0.273,0.631,2242,11,0,0
26.04,18,Bank Transfer,Grocery,UK,0.196,0.243,111,18,1,0
35.35,19,ATM,Entertainment,UAE,0.335,0.089,135,17,1,0
20.83,19,Online,Electronics,India,0.239,0.343,1419,7,0,0
78.42,11,ATM,Grocery,India,0.284,0.304,1952,11,0,0
138.34,6,Online,Grocery,USA,0.343,0.108,1031,14,1,0
13.64,21,Online,Electronics,India,0.152,0.059,2793,18,0,0
68.38,13,POS,Food,UK,0.14,0.09,1238,5,1,0
53.52,15,Online,Travel,India,0.191,0.281,2081,19,0,0
93.83,3,POS,Travel,India,0.117,0.239,1536,12,0,0
65.83,14,Online,Food,Singapore,0.394,0.305,1430,12,1,0
15.59,13,POS,Electronics,India,0.496,0.101,876,18,0,0
18.87,7,Online,Grocery,India,0.114,0.348,1208,14,0,0
68.68,18,POS,Electronics,India,0.554,0.056,1116,11,0,0
186.57,3,POS,Travel,UK,0.426,0.175,450,7,1,0
7.28,17,Online,Utilities,UAE,0.278,0.331,2244,12,1,0
94.23,23,POS,Entertainment,India,0.15,0.408,675,12,0,0
219.12,13,Bank Transfer,Travel,India,0.241,0.064,8,12,0,0
57.22,2,Online,Travel,India,0.294,0.241,2667,11,0,0
115.61,13,Online,Grocery,USA,0.12,0.168,2096,11,1,0
33.01,12,POS,Entertainment,India,0.351,0.15,1171,11,0,0
59.18,13,ATM,Utilities,India,0.105,0.132,2219,14,0,0
13.19,6,Online,Travel,India,0.306,0.346,487,12,0,0
6.4,15,Online,Food,India,0.591,0.227,1080,11,0,0
171.19,6,POS,Travel,India,0.269,0.272,1195,10,0,0
24.9,13,ATM,Utilities,India,0.166,0.333,1410,12,0,0
42.29,14,Bank Transfer,Travel,India,0.441,0.395,1314,22,0,0
16.67,15,Online,Grocery,India,0.521,0.23,1276,7,0,0
16.28,19,POS,Utilities,India,0.364,0.295,1018,13,0,0
56.05,21,POS,Utilities,India,0.232,0.332,1200,6,0,0
32.15,18,POS,Electronics,India,0.547,0.33,51,9,0,0
97.32,19,ATM,Utilities,India,0.124,0.356,41,13,0,0
104.85,20,Bank Transfer,Travel,India,0.427,0.223,1102,14,0,0
91.91,5,Bank Transfer,Travel,India,0.366,0.27,2024,12,0,0
84.66,7,ATM,Food,India,0.181,0.019,2690,14,0,0
323.04,12,POS,Food,India,0.171,0.132,2713,13,0,0
22.93,11,Bank Transfer,Electronics,India,0.08,0.121,825,16,0,0
63.12,16,POS,Entertainment,USA,0.147,0.341,1637,12,1,0
206.99,0,POS,Entertainment,India,0.136,0.294,1087,15,0,0
236.17,3,Online,Grocery,India,0.082,0.497,192,14,0,0
16.09,17,POS,Utilities,UK,0.286,0.328,2147,11,1,0
48.8,19,ATM,Grocery,India,0.213,0.298,136,15,0,0
259.34,7,Bank Transfer,Food,UAE,0.522,0.246,468,9,1,0
110.84,7,ATM,Electronics,India,0.3,0.229,2587,15,0,0
81.07,13,ATM,Electronics,Singapore,0.382,0.127,2523,17,1,0
53.64,11,Online,Grocery,UK,0.316,0.079,1780,14,1,0
45.43,4,POS,Electronics,India,0.461,0.266,1636,10,0,0
88.96,12,ATM,Grocery,India,0.357,0.493,2212,6,0,0
51.81,19,Online,Utilities,USA,0.181,0.365,1601,12,1,0
63.91,17,Bank Transfer,Grocery,India,0.342,0.335,2222,19,0,0
72.14,19,POS,Electronics,India,0.188,0.572,383,9,0,0
33.85,15,POS,Travel,UAE,0.046,0.294,2943,15,1,0
113.54,21,Online,Travel,USA,0.122,0.207,203,18,1,0
1229.35,5,Online,Electronics,UAE,0.276,0.427,2209,12,1,0
11.28,1,ATM,Utilities,Singapore,0.516,0.195,2544,19,1,0
92.2,2,Bank Transfer,Electronics,UK,0.256,0.125,92,12,1,0
31.18,23,POS,Utilities,USA,0.471,0.247,664,7,1,0
118.8,15,Online,Entertainment,India,0.287,0.141,830,10,0,0
69.86,5,POS,Electronics,Singapore,0.3,0.392,1308,15,1,0
142.86,20,POS,Utilities,India,0.223,0.072,506,12,0,0
216.05,7,Online,Electronics,India,0.378,0.385,1523,14,0,0
80.84,14,Online,Food,India,0.292,0.395,2871,11,0,0
206.86,5,Online,Entertainment,India,0.115,0.333,72,13,0,0
6.4,2,Online,Food,UAE,0.704,0.453,2653,15,1,1
327.16,6,Online,Entertainment,India,0.488,0.337,2111,14,0,0
97.03,5,ATM,Grocery,India,0.402,0.098,1320,12,0,0
195.95,13,POS,Electronics,India,0.425,0.497,1628,8,0,0
19.69,0,POS,Food,India,0.194,0.223,463,7,0,0
29.06,5,ATM,Travel,India,0.304,0.523,2727,11,0,0
77.16,13,ATM,Utilities,USA,0.078,0.314,140,5,1,0
65.56,9,ATM,Travel,India,0.264,0.583,393,5,0,0
88.51,15,POS,Travel,India,0.438,0.329,2119,11,0,0
197.26,15,Online,Travel,India,0.169,0.215,505,7,0,0
11.41,23,Bank Transfer,Entertainment,India,0.316,0.116,239,13,0,0
176.59,20,Online,Grocery,India,0.035,0.094,776,10,0,0
67.24,5,Online,Grocery,Singapore,0.276,0.552,1707,9,1,0
54.39,16,Bank Transfer,Entertainment,Singapore,0.307,0.362,915,16,1,0
15.32,15,POS,Travel,UK,0.351,0.206,2525,15,1,0
110.28,14,ATM,Grocery,India,0.311,0.167,2828,23,0,0
5.96,19,Bank Transfer,Travel,India,0.28,0.625,1252,8,0,0
127.54,3,POS,Electronics,UAE,0.665,0.348,1703,14,1,0
15.0,9,ATM,Grocery,UAE,0.486,0.418,1800,15,1,0
70.35,19,Online,Utilities,India,0.374,0.096,811,9,0,0
59.19,21,Bank Transfer,Grocery,USA,0.542,0.115,1444,7,1,0
214.76,0,Bank Transfer,Electronics,India,0.209,0.053,645,11,0,1
55.78,11,Bank Transfer,Travel,India,0.272,0.46,2898,7,0,0
33.31,6,POS,Travel,UAE,0.219,0.474,1566,18,1,0
40.18,4,ATM,Grocery,UAE,0.235,0.36,1266,12,1,0
238.15,1,Bank Transfer,Utilities,UAE,0.403,0.194,604,19,1,0
114.01,12,Online,Utilities,India,0.228,0.455,437,8,0,0
45.35,16,Online,Grocery,India,0.312,0.127,241,11,0,0
52.64,12,POS,Travel,Singapore,0.362,0.2,902,8,1,0
13.91,8,Bank Transfer,Utilities,USA,0.495,0.43,1872,9,1,0
98.34,18,POS,Electronics,India,0.216,0.442,2805,11,0,0
11.48,15,POS,Grocery,India,0.177,0.189,2005,16,0,0
141.43,21,Bank Transfer,Grocery,India,0.142,0.089,486,16,0,0
75.84,8,Bank Transfer,Electronics,India,0.555,0.315,223,13,0,0
725.57,5,Bank Transfer,Food,Singapore,0.248,0.265,1547,14,1,0
22.19,10,Online,Food,India,0.221,0.201,1517,10,0,0
60.18,12,POS,Grocery,India,0.367,0.105,222,7,0,0
402.74,10,Online,Electronics,India,0.143,0.209,1715,13,0,0
219.51,19,POS,Travel,India,0.572,0.223,320,7,0,0
33.24,1,Bank Transfer,Food,India,0.238,0.276,1906,11,0,0
83.43,12,Online,Travel,India,0.446,0.517,2952,15,0,0
66.82,10,Online,Travel,USA,0.222,0.334,25,19,1,0
88.41,5,POS,Entertainment,India,0.403,0.047,827,19,0,0
33.16,15,Online,Food,India,0.27,0.371,2382,15,0,0
60.99,19,Bank Transfer,Electronics,India,0.284,0.299,2196,10,0,0
13.49,13,ATM,Grocery,India,0.399,0.069,1586,25,0,0
76.33,2,POS,Grocery,India,0.257,0.276,2800,13,0,0
104.59,1,POS,Entertainment,USA,0.27,0.128,1238,11,1,0
53.12,10,Online,Utilities,India,0.374,0.328,1996,9,0,0
13.26,16,POS,Food,India,0.195,0.396,1318,5,0,0
179.21,7,Bank Transfer,Grocery,India,0.428,0.111,2906,4,0,0
96.02,7,Online,Electronics,India,0.31,0.527,1359,11,0,0
32.27,20,POS,Travel,India,0.161,0.253,341,9,0,0
50.37,0,ATM,Grocery,India,0.289,0.235,2553,9,0,0
14.87,1,Online,Grocery,India,0.154,0.101,1226,6,0,0
23.92,3,POS,Electronics,India,0.256,0.165,2063,7,0,0
38.95,23,Online,Electronics,USA,0.279,0.17,1216,15,1,0
227.79,11,POS,Food,India,0.037,0.006,858,9,0,0
35.18,3,Online,Entertainment,UAE,0.31,0.361,746,8,1,0
126.5,7,ATM,Travel,India,0.186,0.074,38,23,0,0
38.93,23,Bank Transfer,Travel,India,0.182,0.133,273,17,0,0
85.45,16,POS,Entertainment,USA,0.335,0.484,1130,11,1,0
57.89,5,Online,Travel,India,0.129,0.415,2326,6,0,0
159.66,5,POS,Grocery,UAE,0.177,0.027,569,15,1,0
39.06,1,Online,Utilities,UAE,0.532,0.399,2091,5,1,0
13.84,18,POS,Travel,Singapore,0.095,0.097,1821,9,1,0
16.74,3,Online,Grocery,India,0.256,0.354,2066,6,0,0
39.18,6,POS,Entertainment,UAE,0.181,0.146,1922,14,1,0
19.12,8,Bank Transfer,Food,India,0.318,0.173,2556,7,0,0
100.51,14,Bank Transfer,Grocery,Singapore,0.161,0.189,968,14,1,0
41.86,14,POS,Utilities,India,0.2,0.259,2008,12,0,0
716.66,19,ATM,Travel,UAE,0.172,0.181,2589,15,1,0
11.73,7,POS,Entertainment,USA,0.477,0.367,1981,8,1,0
81.75,9,ATM,Food,India,0.317,0.226,2946,11,0,0
21.59,9,POS,Entertainment,UAE,0.153,0.469,2467,12,1,0
40.72,1,POS,Entertainment,USA,0.086,0.421,1410,13,1,1
76.82,17,Online,Entertainment,UAE,0.163,0.039,2318,10,1,0
6.52,12,Online,Grocery,India,0.553,0.422,1417,11,0,0
84.51,11,Online,Utilities,India,0.127,0.018,2726,8,0,0
447.16,23,Online,Grocery,USA,0.257,0.326,236,10,1,0
42.38,4,POS,Travel,India,0.263,0.554,2975,9,0,0
86.47,23,POS,Electronics,UK,0.27,0.907,2635,18,1,0
185.85,16,Online,Travel,USA,0.052,0.202,898,4,1,0
56.6,5,Online,Food,India,0.063,0.181,430,12,0,0
37.3,16,POS,Grocery,USA,0.281,0.533,1739,13,1,1
6.85,18,Online,Electronics,India,0.241,0.054,1885,10,0,0
126.59,8,Online,Electronics,UK,0.226,0.273,1115,18,1,0
59.55,8,Online,Food,Singapore,0.113,0.413,1936,12,1,0
24.22,20,ATM,Food,India,0.371,0.395,1603,10,0,0
75.69,3,Online,Entertainment,India,0.082,0.373,1036,9,0,0
37.2,0,Online,Grocery,India,0.021,0.304,1439,17,0,1
39.31,15,Online,Utilities,India,0.249,0.298,298,14,0,0
122.28,21,POS,Electronics,Singapore,0.248,0.276,1632,6,1,0
17.49,12,POS,Electronics,India,0.442,0.34,1963,8,0,0
190.06,3,POS,Food,India,0.221,0.36,2894,11,0,0
16.48,12,ATM,Grocery,India,0.351,0.152,1026,16,0,0
34.37,6,POS,Entertainment,USA,0.242,0.112,264,17,1,0
456.21,19,Online,Travel,UK,0.421,0.399,459,13,1,0
205.89,14,Online,Utilities,India,0.112,0.29,2637,8,0,0
73.52,8,Online,Grocery,India,0.475,0.365,2741,10,0,0
26.04,14,ATM,Utilities,India,0.165,0.311,2355,16,0,0
39.28,16,Online,Electronics,India,0.065,0.245,1460,10,0,1
71.76,16,POS,Food,India,0.248,0.162,2947,14,0,0
69.24,8,ATM,Utilities,UK,0.366,0.165,2101,19,1,0
60.89,13,Online,Grocery,India,0.142,0.569,674,14,0,0
64.66,1,POS,Electronics,India,0.254,0.404,902,10,0,0
53.82,9,ATM,Utilities,India,0.063,0.569,2835,14,0,0
15.77,9,Online,Grocery,UK,0.29,0.154,445,14,1,0
39.78,12,POS,Grocery,India,0.058,0.169,2157,7,0,0
166.44,22,Bank Transfer,Food,India,0.025,0.233,104,12,0,0
16.97,22,Online,Grocery,UK,0.068,0.182,2096,15,1,0
55.17,11,Online,Utilities,India,0.055,0.253,1034,12,0,0
29.38,15,POS,Utilities,UK,0.327,0.559,49,12,1,0
74.54,2,POS,Travel,UK,0.3,0.204,151,14,1,0
45.21,11,Online,Travel,Singapore,0.056,0.231,559,10,1,0
292.19,16,Online,Entertainment,India,0.435,0.366,2970,9,0,0
110.67,16,Online,Food,India,0.124,0.344,2922,14,0,0
17.96,23,ATM,Entertainment,Singapore,0.076,0.591,700,13,1,0
130.48,11,POS,Utilities,India,0.632,0.382,900,11,0,0
30.73,21,ATM,Electronics,India,0.089,0.172,378,12,0,0
37.45,23,ATM,Travel,India,0.233,0.241,1500,18,0,0
91.27,13,ATM,Food,India,0.22,0.168,2463,15,0,0
40.78,2,ATM,Food,India,0.368,0.292,1599,9,0,0
162.85,9,Bank Transfer,Electronics,UAE,0.224,0.277,2397,9,1,0
30.74,18,POS,Travel,USA,0.174,0.152,2915,10,1,0
35.91,13,Online,Travel,India,0.656,0.192,2990,14,0,0
34.59,22,Bank Transfer,Food,UAE,0.094,0.098,996,16,1,0
37.88,19,Online,Electronics,USA,0.234,0.279,732,13,1,0
200.17,1,POS,Electronics,India,0.444,0.532,1466,5,0,0
125.06,20,Bank Transfer,Grocery,USA,0.338,0.244,145,11,1,0
368.69,8,POS,Utilities,India,0.078,0.437,1351,9,0,0
643.96,19,POS,Entertainment,India,0.305,0.488,2169,16,0,0
23.79,12,POS,Utilities,India,0.411,0.244,581,14,0,0
71.55,10,Online,Entertainment,India,0.188,0.282,2424,13,0,0
20.57,1,Online,Food,India,0.083,0.252,2562,15,0,0
30.64,2,Online,Travel,India,0.397,0.086,1050,14,0,0
35.51,14,Bank Transfer,Food,India,0.105,0.179,924,11,0,0
23.17,13,Online,Food,India,0.426,0.342,2807,10,0,0
23.29,13,Online,Utilities,India,0.504,0.152,2451,7,0,0
57.73,3,Bank Transfer,Travel,USA,0.126,0.302,2315,16,1,0
19.75,12,ATM,Grocery,Singapore,0.042,0.279,1012,14,1,0
154.8,1,POS,Grocery,India,0.49,0.336,1230,12,0,0
26.64,3,POS,Travel,UK,0.031,0.419,2084,10,1,0
1107.18,11,Online,Food,India,0.2,0.248,2159,12,0,0
42.46,14,ATM,Grocery,India,0.02,0.338,732,14,0,0
71.67,15,Online,Grocery,India,0.117,0.12,3,14,0,0
18.26,23,POS,Electronics,India,0.069,0.105,169,17,0,0
367.27,20,ATM,Entertainment,India,0.57,0.202,1019,19,0,0
204.28,9,Online,Electronics,UK,0.177,0.344,1399,13,1,0
89.74,18,Online,Travel,UK,0.211,0.292,510,9,1,1
17.34,2,Bank Transfer,Travel,UAE,0.252,0.184,93,16,1,0
82.32,20,ATM,Entertainment,UAE,0.595,0.373,916,10,1,0
21.73,9,Online,Electronics,India,0.016,0.308,2615,12,0,0
287.83,18,Online,Electronics,India,0.293,0.402,627,14,0,0
149.78,23,Online,Entertainment,India,0.316,0.118,1988,16,0,0
73.36,16,Online,Electronics,India,0.419,0.113,2145,11,0,0
5.83,22,Online,Electronics,Singapore,0.295,0.115,1864,13,1,0
24.94,0,ATM,Entertainment,India,0.071,0.112,2487,12,0,0
132.66,4,Online,Travel,India,0.363,0.206,862,9,0,0
224.28,15,Online,Food,India,0.159,0.098,541,15,0,0
202.18,12,POS,Food,Singapore,0.024,0.445,492,11,1,0
13.57,2,ATM,Travel,India,0.22,0.217,1252,16,0,0
90.16,17,Online,Grocery,USA,0.471,0.523,1570,9,1,1
184.11,1,POS,Utilities,India,0.122,0.158,1796,17,0,0
12.7,23,Online,Travel,India,0.535,0.578,2650,8,0,0
66.16,3,POS,Electronics,India,0.575,0.399,434,13,0,0
87.69,10,Bank Transfer,Food,UK,0.492,0.097,1830,14,1,0
49.36,19,Bank Transfer,Grocery,UK,0.421,0.38,1082,8,1,0
10.46,12,Online,Grocery,India,0.591,0.565,2071,9,0,0
48.15,17,Online,Electronics,India,0.519,0.726,587,12,0,0
48.07,16,ATM,Utilities,India,0.255,0.105,51,14,0,0
57.51,22,Online,Food,India,0.64,0.096,1686,16,0,0
37.96,11,Bank Transfer,Food,India,0.519,0.305,913,8,0,0
42.82,23,POS,Food,India,0.708,0.37,2706,7,0,0
64.09,12,POS,Utilities,USA,0.261,0.419,2191,12,1,0
103.8,21,Online,Utilities,UK,0.401,0.058,1389,9,1,0
49.18,17,POS,Grocery,USA,0.249,0.092,1146,12,1,0
44.27,3,Online,Food,USA,0.17,0.117,2013,9,1,0
73.14,15,ATM,Food,UAE,0.326,0.048,1380,11,1,0
9.77,21,POS,Travel,UAE,0.237,0.052,2161,9,1,0
107.45,3,Online,Utilities,India,0.04,0.183,2194,7,0,0
66.65,20,Online,Travel,India,0.293,0.288,2971,10,0,0
69.39,2,ATM,Utilities,India,0.129,0.175,935,12,0,0
174.29,20,Online,Grocery,Singapore,0.283,0.171,1884,6,1,0
9.46,18,POS,Food,India,0.314,0.053,1483,11,0,0
9.26,3,Online,Entertainment,India,0.307,0.479,555,7,0,0
87.69,17,Online,Food,India,0.143,0.497,692,12,0,0
66.21,2,ATM,Grocery,India,0.218,0.125,32,8,0,0
79.06,13,Online,Grocery,India,0.541,0.449,899,14,0,0
42.01,22,POS,Food,UK,0.242,0.567,417,8,1,0
129.59,4,ATM,Utilities,India,0.371,0.406,554,6,0,0
169.46,4,Online,Food,Singapore,0.11,0.243,374,10,1,0
108.2,10,POS,Grocery,India,0.237,0.695,6,14,0,0
51.38,8,Online,Entertainment,Singapore,0.018,0.384,1569,17,1,0
8.1,1,Bank Transfer,Electronics,India,0.557,0.48,2792,11,0,0
143.92,10,ATM,Grocery,India,0.291,0.262,1318,6,0,0
226.27,6,POS,Electronics,UAE,0.64,0.366,1517,13,1,0
127.05,2,ATM,Travel,UAE,0.403,0.239,1844,11,1,0
27.67,6,POS,Utilities,Singapore,0.102,0.203,1743,15,1,0
130.82,0,Online,Utilities,UAE,0.607,0.025,234,8,1,0
157.67,21,Online,Grocery,India,0.057,0.138,1336,11,0,0
316.97,23,POS,Food,India,0.343,0.114,2461,6,0,0
27.77,8,POS,Grocery,India,0.313,0.153,649,16,0,0
53.17,21,Bank Transfer,Electronics,Singapore,0.259,0.395,327,9,1,0
140.79,11,POS,Grocery,UK,0.121,0.411,1930,14,1,0
70.63,21,ATM,Entertainment,UAE,0.714,0.15,2050,16,1,0
21.82,4,Online,Grocery,Singapore,0.553,0.496,2173,11,1,0
100.95,6,Online,Utilities,India,0.405,0.492,2078,8,0,0
118.95,17,POS,Travel,India,0.541,0.147,891,12,0,0
72.82,5,POS,Travel,India,0.217,0.396,1704,10,0,0
83.06,19,POS,Utilities,India,0.239,0.38,2552,18,0,0
51.49,10,Online,Utilities,UK,0.154,0.166,525,13,1,0
292.45,9,Bank Transfer,Grocery,India,0.563,0.335,2077,8,0,0
27.09,10,Bank Transfer,Grocery,UAE,0.457,0.464,1839,12,1,0
37.07,19,POS,Utilities,USA,0.697,0.206,820,10,1,0
67.42,0,POS,Utilities,India,0.324,0.464,2774,15,0,0
160.61,18,POS,Electronics,Singapore,0.24,0.521,496,15,1,0
14.92,18,Bank Transfer,Grocery,India,0.156,0.616,2415,19,0,0
17.99,19,POS,Grocery,USA,0.547,0.209,1704,7,1,0
8.69,23,POS,Travel,India,0.064,0.073,390,9,0,0
68.9,18,Online,Entertainment,India,0.54,0.128,1322,15,0,0
21.8,12,Online,Grocery,India,0.207,0.487,993,12,0,0
45.4,11,POS,Food,India,0.312,0.291,1251,10,0,0
129.2,9,Online,Entertainment,UK,0.233,0.53,2369,13,1,0
35.11,19,POS,Grocery,UAE,0.294,0.465,1927,7,1,0
84.04,9,POS,Utilities,Singapore,0.48,0.657,591,16,1,0
49.44,13,POS,Utilities,India,0.021,0.3,2229,9,0,0
130.6,2,Online,Travel,UAE,0.251,0.546,2145,16,1,0
107.25,7,Bank Transfer,Grocery,India,0.099,0.116,282,13,0,0
33.38,6,Online,Travel,India,0.103,0.106,2755,14,0,0
56.34,10,ATM,Travel,USA,0.375,0.422,20,19,1,0
189.38,12,POS,Travel,UAE,0.22,0.521,853,8,1,0
98.83,17,ATM,Utilities,UAE,0.059,0.548,871,13,1,0
16.49,10,Bank Transfer,Grocery,UK,0.097,0.248,283,13,1,0
128.46,3,Online,Travel,India,0.263,0.468,1989,14,0,0
22.54,13,Bank Transfer,Entertainment,India,0.064,0.223,1381,11,0,0
273.83,1,Online,Grocery,India,0.44,0.351,2447,13,0,0
185.69,20,ATM,Grocery,India,0.696,0.295,940,14,0,0
89.11,18,POS,Travel,India,0.119,0.144,2564,6,0,0
78.04,5,Online,Utilities,India,0.136,0.207,1527,6,0,0
54.11,6,Online,Utilities,India,0.232,0.126,17,14,0,0
131.44,0,Bank Transfer,Utilities,India,0.096,0.126,908,15,0,0
46.03,8,Bank Transfer,Utilities,USA,0.097,0.082,1086,14,1,0
84.4,0,Online,Grocery,India,0.077,0.375,1511,10,0,0
159.48,22,Bank Transfer,Electronics,India,0.114,0.538,2113,13,0,0
38.02,3,Bank Transfer,Food,USA,0.453,0.506,474,8,1,0
36.01,15,Online,Grocery,USA,0.32,0.109,2420,13,1,0
20.2,13,POS,Utilities,India,0.448,0.402,519,11,0,0
23.0,5,POS,Food,India,0.25,0.427,2984,13,0,0
10.71,19,POS,Utilities,UAE,0.254,0.331,1154,12,1,0
138.36,2,POS,Travel,UK,0.214,0.368,2812,17,1,0
407.04,21,Bank Transfer,Entertainment,India,0.246,0.291,269,12,0,0
277.36,17,POS,Grocery,India,0.257,0.241,610,14,0,0
13.12,15,Online,Grocery,India,0.446,0.304,2951,10,0,0
137.67,21,Online,Food,India,0.171,0.123,503,13,0,0
276.47,9,Online,Grocery,India,0.226,0.121,968,14,0,0
42.23,6,POS,Travel,UAE,0.226,0.478,1683,14,1,0
73.81,3,Online,Entertainment,India,0.415,0.251,600,8,0,0
8.95,22,Online,Electronics,India,0.498,0.442,1044,13,0,0
87.07,9,Online,Electronics,UK,0.273,0.161,2110,10,1,0
23.02,19,POS,Travel,India,0.497,0.553,1437,9,0,0
81.42,7,ATM,Entertainment,India,0.34,0.519,1263,14,0,0
14.0,22,POS,Utilities,India,0.119,0.366,2011,11,0,0
114.76,20,Online,Entertainment,India,0.218,0.236,2873,8,0,0
185.77,7,Online,Electronics,India,0.382,0.56,2526,9,0,0
30.47,11,POS,Electronics,UAE,0.097,0.439,159,8,1,0
21.39,19,ATM,Grocery,India,0.316,0.088,1887,13,0,0
7.72,5,POS,Grocery,Singapore,0.264,0.227,1437,9,1,0
51.09,0,Bank Transfer,Travel,India,0.462,0.192,1291,14,0,0
37.28,6,Bank Transfer,Electronics,UK,0.088,0.202,704,10,1,0
14.14,14,Online,Utilities,India,0.126,0.226,802,16,0,0
104.9,3,POS,Utilities,USA,0.304,0.203,2109,14,1,0
42.52,8,POS,Grocery,India,0.471,0.254,2922,6,0,0
22.74,22,Bank Transfer,Travel,India,0.339,0.122,1637,7,0,0
38.3,1,Online,Grocery,India,0.473,0.273,625,11,0,0
194.67,1,POS,Grocery,India,0.469,0.19,715,11,0,0
121.87,10,Online,Electronics,UK,0.662,0.532,569,10,1,0
58.56,0,POS,Utilities,India,0.132,0.371,1575,10,0,0
123.85,0,Online,Travel,India,0.398,0.336,2125,19,0,0
20.89,4,Online,Entertainment,UAE,0.37,0.553,2335,11,1,0
68.88,2,POS,Electronics,India,0.244,0.22,1935,18,0,0
77.27,19,ATM,Food,India,0.127,0.405,2924,14,0,0
41.69,2,POS,Utilities,Singapore,0.583,0.144,2680,8,1,0
103.08,12,Online,Entertainment,USA,0.103,0.056,681,17,1,0
30.56,16,Online,Entertainment,India,0.367,0.147,2737,16,0,0
111.03,15,Bank Transfer,Electronics,India,0.107,0.368,163,10,0,0
115.8,15,Online,Grocery,India,0.128,0.141,2233,23,0,0
3.61,8,Bank Transfer,Utilities,India,0.253,0.132,1697,12,0,0
219.27,21,Online,Utilities,UK,0.468,0.532,85,11,1,0
3.17,1,Bank Transfer,Utilities,UAE,0.445,0.087,925,8,1,0
36.02,2,POS,Electronics,India,0.037,0.221,2603,19,0,0
185.93,20,ATM,Travel,India,0.502,0.38,2234,13,0,0
48.56,1,POS,Travel,USA,0.428,0.228,1700,6,1,0
15.39,4,Bank Transfer,Electronics,India,0.191,0.251,2304,12,0,0
22.34,4,Bank Transfer,Electronics,UK,0.247,0.369,585,17,1,0
186.22,0,Online,Travel,India,0.168,0.09,568,15,0,0
9.76,2,Online,Utilities,India,0.456,0.11,1853,17,0,0
206.23,13,Online,Food,USA,0.149,0.114,1342,14,1,0
63.11,15,POS,Travel,UAE,0.311,0.362,682,10,1,0
20.24,1,Online,Food,India,0.392,0.18,72,16,0,0
37.22,22,Online,Entertainment,Singapore,0.452,0.238,1319,11,1,0
24.11,2,Online,Food,India,0.32,0.479,2176,8,0,0
158.57,16,POS,Utilities,India,0.714,0.534,1142,8,0,0
138.72,19,Bank Transfer,Utilities,India,0.354,0.242,1641,14,0,0
11.95,12,POS,Electronics,India,0.242,0.271,582,9,0,0
44.54,11,Online,Electronics,USA,0.186,0.258,2937,14,1,0
28.13,2,POS,Travel,India,0.232,0.322,2426,11,0,0
243.11,5,POS,Entertainment,India,0.455,0.214,1015,6,0,0
17.29,20,POS,Utilities,India,0.107,0.407,1463,9,0,0
331.7,8,Online,Food,UK,0.179,0.109,1971,18,1,0
64.5,0,Online,Travel,UAE,0.432,0.087,437,7,1,0
20.86,17,Online,Food,India,0.193,0.143,1718,11,0,0
33.88,16,Online,Entertainment,India,0.244,0.17,713,12,0,0
29.92,1,Online,Grocery,UAE,0.161,0.329,1665,18,1,0
18.64,1,POS,Food,India,0.257,0.414,1494,8,0,0
73.32,2,POS,Food,UK,0.582,0.342,1273,10,1,1
19.53,1,Online,Food,India,0.543,0.135,1910,16,0,0
7.54,14,Online,Food,Singapore,0.097,0.426,1119,16,1,0
45.62,3,Online,Utilities,India,0.375,0.273,2310,14,0,0
10.99,14,POS,Grocery,India,0.369,0.553,690,14,0,0
31.43,4,ATM,Food,India,0.069,0.181,138,5,0,0
26.87,23,POS,Entertainment,India,0.094,0.149,2074,11,0,0
27.9,17,Online,Entertainment,India,0.432,0.375,1796,13,0,0
493.22,8,POS,Electronics,UAE,0.048,0.08,2111,12,1,0
70.56,10,Online,Utilities,India,0.184,0.306,1167,7,0,0
85.23,1,Online,Travel,India,0.289,0.229,2001,13,0,0
11.29,1,ATM,Electronics,India,0.039,0.316,141,10,0,0
34.68,12,POS,Entertainment,India,0.222,0.228,2933,7,0,0
82.71,0,Online,Electronics,India,0.257,0.162,2652,12,0,0
23.94,15,POS,Electronics,India,0.295,0.188,978,6,0,0
165.35,9,Online,Food,UK,0.161,0.366,911,9,1,0
20.03,3,POS,Food,UK,0.152,0.151,484,10,1,0
50.08,12,POS,Utilities,India,0.382,0.476,2902,6,0,0
37.11,13,ATM,Food,UK,0.364,0.375,178,9,1,1
78.6,17,POS,Travel,India,0.216,0.181,2472,12,0,0
35.15,4,POS,Grocery,India,0.045,0.15,399,8,0,0
50.86,13,ATM,Utilities,UAE,0.124,0.197,2905,14,1,0
52.66,20,ATM,Electronics,Singapore,0.422,0.094,795,13,1,0
32.0,6,Bank Transfer,Travel,India,0.26,0.217,1317,16,0,0
108.32,20,POS,Travel,India,0.151,0.522,180,20,0,0
84.64,17,Online,Grocery,India,0.42,0.541,883,8,0,0
61.03,10,ATM,Travel,India,0.335,0.026,2831,15,0,0
43.36,21,POS,Entertainment,USA,0.252,0.049,1772,7,1,0
147.9,23,ATM,Food,India,0.065,0.342,976,13,0,0
52.68,5,POS,Food,UAE,0.25,0.429,2671,17,1,0
49.07,23,Bank Transfer,Grocery,USA,0.153,0.213,2792,11,1,0
74.05,0,Online,Entertainment,India,0.4,0.265,1232,13,0,0
363.79,3,Online,Utilities,Singapore,0.28,0.075,1129,14,1,0
17.46,1,Online,Utilities,USA,0.381,0.555,2505,9,1,0
144.01,8,POS,Electronics,India,0.825,0.368,1620,11,0,0
10.04,22,POS,Food,India,0.255,0.703,856,20,0,0
82.87,14,ATM,Travel,Singapore,0.145,0.349,1784,14,1,0
322.17,14,Online,Utilities,UAE,0.199,0.151,1090,10,1,0
108.71,2,Online,Utilities,India,0.598,0.176,1196,13,0,0
79.09,12,POS,Travel,USA,0.241,0.104,1988,14,1,0
38.07,9,Online,Electronics,Singapore,0.209,0.5,1073,8,1,0
68.79,11,Online,Travel,UAE,0.323,0.241,1580,10,1,0
51.83,6,POS,Food,India,0.112,0.129,1989,14,0,0
30.39,4,Bank Transfer,Travel,India,0.152,0.344,2727,10,0,0
49.91,22,Online,Entertainment,Singapore,0.198,0.157,2703,10,1,0
81.32,13,Online,Utilities,India,0.376,0.29,2659,10,0,0
30.96,9,Bank Transfer,Utilities,India,0.269,0.226,2243,12,0,0
29.78,1,Online,Travel,India,0.128,0.124,1372,7,0,0
17.11,18,Bank Transfer,Grocery,India,0.824,0.105,1322,7,0,0
98.57,11,Online,Entertainment,USA,0.317,0.103,203,10,1,0
115.04,9,Online,Grocery,India,0.264,0.09,2356,15,0,0
84.07,16,POS,Electronics,UK,0.489,0.119,2800,12,1,0
175.07,3,POS,Utilities,India,0.194,0.577,1898,5,0,1
72.81,12,Online,Electronics,UK,0.291,0.396,2794,11,1,0
98.69,20,POS,Grocery,India,0.109,0.305,1534,15,0,0
90.36,11,POS,Utilities,India,0.212,0.455,342,11,0,0
60.85,0,Online,Entertainment,UAE,0.189,0.142,2654,13,1,0
39.22,5,ATM,Travel,UK,0.351,0.161,1223,15,1,0
610.42,1,POS,Food,India,0.375,0.116,1514,13,0,0
42.44,12,ATM,Food,India,0.36,0.508,1837,11,0,0
34.26,8,Bank Transfer,Food,India,0.145,0.252,1318,14,0,0
102.93,3,ATM,Utilities,UAE,0.103,0.379,1315,8,1,0
85.79,16,ATM,Entertainment,India,0.25,0.133,2001,9,0,0
16.37,4,ATM,Travel,UAE,0.124,0.159,960,16,1,1
204.93,8,POS,Utilities,India,0.09,0.287,1301,8,0,0
60.69,23,Online,Utilities,USA,0.272,0.493,447,13,1,0
21.96,1,Bank Transfer,Grocery,India,0.37,0.178,861,9,0,0
218.94,5,Online,Travel,India,0.335,0.63,2167,8,0,0
124.67,7,ATM,Food,UAE,0.359,0.349,1545,11,1,0
18.83,12,Bank Transfer,Utilities,India,0.546,0.236,1099,13,0,0
394.33,5,POS,Entertainment,UAE,0.146,0.255,2813,14,1,0
128.87,23,POS,Food,India,0.547,0.13,602,18,0,0
66.01,0,Online,Travel,India,0.056,0.258,1505,10,0,0
327.08,22,POS,Grocery,UAE,0.478,0.131,202,13,1,0
78.2,12,Online,Utilities,USA,0.647,0.52,2969,20,1,1
64.84,0,ATM,Food,India,0.286,0.06,2520,9,0,0
34.46,2,Online,Electronics,India,0.16,0.544,2460,14,0,0
119.32,2,POS,Utilities,India,0.183,0.495,808,15,0,0
107.4,6,ATM,Grocery,Singapore,0.331,0.224,1456,10,1,0
67.67,7,POS,Travel,India,0.457,0.428,1358,14,0,0
30.27,15,Bank Transfer,Utilities,India,0.276,0.126,1013,5,0,0
75.94,7,POS,Travel,India,0.446,0.086,70,13,0,0
62.19,17,Bank Transfer,Utilities,USA,0.436,0.415,1937,13,1,0
17.58,7,Online,Utilities,UAE,0.097,0.181,57,9,1,0
15.31,6,Online,Grocery,Singapore,0.171,0.087,2864,13,1,0
117.35,6,Online,Electronics,India,0.094,0.332,438,11,0,0
4.94,7,POS,Entertainment,India,0.711,0.576,1242,15,0,0
81.89,20,Online,Electronics,India,0.598,0.279,905,13,0,0
41.34,5,ATM,Travel,Singapore,0.163,0.171,641,13,1,0
246.72,6,ATM,Grocery,India,0.522,0.265,2954,15,0,0
40.71,22,POS,Grocery,India,0.422,0.26,393,15,0,0
128.96,15,Online,Travel,India,0.055,0.133,2408,14,0,0
44.84,4,Bank Transfer,Travel,UAE,0.437,0.068,1551,12,1,1
74.72,20,ATM,Travel,India,0.101,0.328,2033,9,0,0
139.33,4,Online,Utilities,India,0.252,0.014,1332,15,0,0
41.99,3,POS,Food,UAE,0.134,0.233,22,8,1,1
180.65,10,Bank Transfer,Grocery,UAE,0.134,0.42,1543,11,1,0
24.69,16,Online,Grocery,India,0.273,0.237,80,11,0,0
89.53,4,Online,Grocery,UK,0.27,0.294,1458,13,1,1
167.78,18,ATM,Travel,India,0.311,0.37,1734,21,0,0
129.03,3,POS,Entertainment,India,0.497,0.066,1723,7,0,0
453.25,18,ATM,Grocery,India,0.227,0.478,2127,10,0,0
31.08,2,POS,Electronics,USA,0.413,0.189,942,15,1,1
16.79,11,ATM,Electronics,USA,0.055,0.253,2955,12,1,0
24.67,15,Bank Transfer,Grocery,India,0.462,0.342,1427,5,0,0
129.08,6,Bank Transfer,Grocery,India,0.61,0.392,2078,11,0,0
109.72,14,Bank Transfer,Travel,USA,0.481,0.514,1282,17,1,0
73.87,16,Bank Transfer,Grocery,India,0.649,0.164,1095,12,0,0
21.69,15,POS,Entertainment,USA,0.343,0.128,1580,8,1,0
143.58,9,Bank Transfer,Utilities,USA,0.17,0.267,2503,10,1,1
19.6,18,Bank Transfer,Food,India,0.477,0.577,1349,11,0,0
212.5,17,Online,Entertainment,India,0.044,0.33,201,6,0,0
1161.47,7,Online,Entertainment,India,0.17,0.06,1950,13,0,0
96.2,17,POS,Utilities,India,0.096,0.049,1046,8,0,0
119.48,22,Online,Grocery,India,0.14,0.538,2131,13,0,0
40.74,19,ATM,Utilities,USA,0.391,0.388,2498,14,1,1
10.91,17,Online,Electronics,Singapore,0.19,0.498,1201,15,1,0
36.5,18,Online,Food,India,0.237,0.462,2783,9,0,0
22.36,19,Online,Entertainment,USA,0.244,0.256,2195,14,1,1
15.69,6,POS,Electronics,India,0.095,0.177,2017,21,0,0
373.29,17,Bank Transfer,Travel,Singapore,0.352,0.207,2737,11,1,0
87.61,4,POS,Grocery,India,0.215,0.455,2637,10,0,0
97.48,8,POS,Travel,India,0.458,0.112,2305,15,0,0
48.96,22,POS,Grocery,India,0.293,0.388,2964,13,0,0
56.1,6,Bank Transfer,Electronics,India,0.244,0.509,2325,16,0,0
174.96,20,Bank Transfer,Entertainment,UAE,0.243,0.273,2561,20,1,0
64.56,10,POS,Electronics,India,0.497,0.205,2199,7,0,0
113.37,5,POS,Food,India,0.468,0.163,1377,12,0,0
54.82,2,Online,Travel,India,0.466,0.438,1181,12,0,0
47.36,13,POS,Food,India,0.112,0.307,2419,17,0,0
16.33,10,ATM,Utilities,India,0.537,0.078,2864,12,0,0
9.23,12,POS,Travel,India,0.048,0.243,1750,13,0,0
51.34,1,Online,Electronics,India,0.226,0.289,576,6,0,0
70.56,6,Online,Utilities,Singapore,0.183,0.111,2430,12,1,1
18.43,0,Online,Food,India,0.127,0.161,880,20,0,0
64.43,7,Online,Electronics,India,0.352,0.106,2202,13,0,0
70.37,22,POS,Grocery,India,0.159,0.102,623,18,0,0
7.72,3,POS,Utilities,UAE,0.311,0.276,2576,8,1,0
26.71,16,POS,Food,Singapore,0.255,0.242,1453,10,1,0
100.21,0,POS,Grocery,India,0.213,0.021,1114,7,0,0
98.21,13,Bank Transfer,Food,USA,0.282,0.32,2243,10,1,0
21.04,22,POS,Utilities,India,0.343,0.327,2119,10,0,0
78.14,8,POS,Utilities,India,0.483,0.065,775,18,0,0
185.38,4,POS,Travel,Singapore,0.058,0.291,202,12,1,0
145.05,13,ATM,Electronics,Singapore,0.047,0.793,2881,17,1,0
60.63,6,Bank Transfer,Utilities,India,0.132,0.47,2912,16,0,0
41.76,21,ATM,Entertainment,Singapore,0.226,0.245,1982,12,1,0
35.54,20,Online,Food,USA,0.178,0.117,332,13,1,0
106.47,15,ATM,Travel,UK,0.227,0.234,2808,12,1,0
81.05,15,Online,Entertainment,UK,0.574,0.104,1386,13,1,0
125.14,14,Bank Transfer,Food,India,0.024,0.544,1818,12,0,0
76.09,17,ATM,Food,UAE,0.129,0.146,2026,15,1,0
151.22,11,POS,Utilities,India,0.258,0.336,1762,9,0,0
73.3,23,Online,Electronics,India,0.045,0.199,692,12,0,0
146.16,8,POS,Food,India,0.562,0.283,2894,11,0,0
159.31,0,POS,Grocery,UK,0.823,0.427,1588,17,1,1
29.83,16,ATM,Entertainment,India,0.076,0.292,2836,11,0,0
10.93,15,POS,Food,India,0.13,0.392,403,10,0,0
312.15,23,ATM,Utilities,UK,0.28,0.263,2081,16,1,0
86.2,9,Bank Transfer,Travel,India,0.401,0.505,543,11,0,0
12.01,10,Online,Utilities,India,0.216,0.259,344,13,0,0
32.66,13,Online,Food,India,0.536,0.197,2635,10,0,0
144.3,9,Online,Travel,USA,0.553,0.233,355,15,1,0
50.42,18,ATM,Grocery,India,0.35,0.535,122,12,0,0
39.96,10,POS,Travel,India,0.341,0.552,102,15,0,0
270.66,18,POS,Travel,India,0.131,0.381,1099,12,0,0
23.4,10,Online,Food,UAE,0.174,0.074,443,15,1,0
30.02,5,Bank Transfer,Utilities,UK,0.214,0.224,222,9,1,0
82.38,23,POS,Utilities,India,0.147,0.676,1642,15,0,0
98.54,12,Online,Entertainment,Singapore,0.396,0.537,624,14,1,0
109.55,16,Bank Transfer,Electronics,Singapore,0.184,0.088,1337,11,1,0
165.88,14,POS,Food,USA,0.087,0.266,301,5,1,0
81.34,8,POS,Travel,India,0.153,0.354,2081,11,0,0
108.79,23,Online,Travel,India,0.294,0.269,1257,16,0,0
51.46,8,POS,Food,USA,0.626,0.566,2676,18,1,0
71.0,23,POS,Entertainment,India,0.512,0.153,2422,19,0,0
74.26,10,Online,Grocery,India,0.483,0.266,1130,7,0,0
82.69,0,Online,Grocery,India,0.183,0.183,997,12,0,0
144.39,0,Online,Travel,India,0.201,0.217,2608,10,0,0
116.18,23,Online,Travel,India,0.13,0.357,1094,9,0,0
69.7,12,Online,Grocery,India,0.38,0.548,2688,10,0,0
29.69,9,Online,Grocery,USA,0.085,0.258,292,17,1,0
71.36,19,ATM,Grocery,UK,0.224,0.433,2034,8,1,1
64.84,14,ATM,Electronics,India,0.1,0.104,1338,4,0,0
80.9,15,Online,Entertainment,India,0.327,0.054,2506,8,0,0
605.79,16,Bank Transfer,Grocery,India,0.471,0.088,262,10,0,0
39.5,4,ATM,Travel,India,0.183,0.13,2777,15,0,0
101.73,2,POS,Utilities,UK,0.056,0.21,2995,10,1,0
194.12,17,Bank Transfer,Travel,India,0.467,0.057,1370,5,0,0
73.55,0,Bank Transfer,Utilities,Singapore,0.218,0.458,1969,13,1,0
690.8,17,POS,Food,UAE,0.251,0.288,1509,17,1,0
45.69,3,POS,Entertainment,India,0.219,0.087,1831,10,0,0
92.21,6,Online,Travel,USA,0.381,0.69,1549,12,1,0
30.0,16,Online,Travel,India,0.156,0.422,1990,11,0,0
46.92,14,ATM,Electronics,India,0.09,0.149,1381,10,0,0
85.54,18,Online,Grocery,India,0.463,0.488,2968,11,0,0
155.45,14,POS,Travel,India,0.08,0.31,2844,11,0,0
91.75,1,POS,Utilities,USA,0.163,0.07,2397,13,1,0
234.89,20,Bank Transfer,Grocery,India,0.262,0.404,275,9,0,0
60.64,5,POS,Food,India,0.244,0.494,695,15,0,0
47.84,3,ATM,Entertainment,India,0.564,0.061,1090,10,0,0
996.24,21,POS,Grocery,India,0.307,0.181,376,17,0,0
98.91,4,Online,Grocery,USA,0.545,0.207,2719,11,1,0
32.48,12,Online,Food,India,0.481,0.407,822,10,0,0
33.31,11,POS,Travel,India,0.396,0.012,2323,7,0,0
25.98,18,Online,Utilities,India,0.324,0.512,2712,12,0,0
170.13,1,Online,Travel,UK,0.103,0.085,865,15,1,0
46.32,2,POS,Grocery,USA,0.03,0.202,2174,12,1,0
75.74,9,Online,Travel,India,0.406,0.564,1990,14,0,0
62.58,11,ATM,Travel,India,0.108,0.394,1917,14,0,0
138.59,18,ATM,Grocery,India,0.416,0.153,6,13,0,0
28.6,14,Online,Food,USA,0.366,0.653,1649,6,1,1
22.75,3,ATM,Electronics,India,0.091,0.672,1598,13,0,0
83.45,23,POS,Food,India,0.49,0.18,14,11,0,0
121.63,11,POS,Travel,UAE,0.153,0.235,2755,11,1,0
92.99,23,Online,Grocery,India,0.033,0.412,2277,14,0,0
29.68,23,Online,Grocery,India,0.233,0.395,1855,14,0,0
131.3,1,ATM,Grocery,India,0.152,0.196,1091,12,0,0
31.69,12,POS,Utilities,India,0.394,0.126,2727,12,0,0
39.59,10,Online,Travel,UAE,0.286,0.089,1276,11,1,0
25.95,11,Online,Travel,UAE,0.02,0.237,227,12,1,0
244.98,7,POS,Food,India,0.128,0.121,2998,13,0,0
125.64,13,Online,Grocery,UAE,0.643,0.048,1601,7,1,0
122.12,11,Online,Food,India,0.169,0.477,1768,11,0,0
232.11,4,POS,Food,India,0.249,0.097,2053,11,0,0
1110.59,6,Online,Entertainment,USA,0.059,0.189,494,9,1,0
12.07,3,POS,Grocery,India,0.041,0.205,100,8,0,0
31.87,20,Bank Transfer,Grocery,India,0.29,0.354,1374,13,0,0
36.01,16,POS,Entertainment,India,0.148,0.172,2599,10,0,0
28.48,9,POS,Electronics,India,0.186,0.454,2980,13,0,0
22.7,9,POS,Grocery,UAE,0.244,0.286,770,8,1,0
49.42,1,POS,Food,India,0.141,0.258,2961,19,0,0
19.75,6,POS,Electronics,India,0.28,0.43,2594,15,0,0
93.23,22,Online,Utilities,UAE,0.609,0.386,2452,9,1,0
70.22,0,POS,Utilities,India,0.306,0.356,839,17,0,0
107.88,3,POS,Food,India,0.153,0.332,2199,10,0,0
110.8,20,POS,Grocery,India,0.048,0.658,2944,10,0,0
121.88,12,Online,Entertainment,India,0.438,0.178,1743,17,0,0
45.91,0,POS,Travel,India,0.022,0.741,2662,15,0,0
556.21,11,Online,Utilities,India,0.078,0.037,830,13,0,0
84.3,17,Online,Food,India,0.363,0.138,2569,7,0,0
10.36,8,ATM,Electronics,India,0.461,0.153,534,14,0,0
24.47,9,POS,Utilities,Singapore,0.229,0.177,2062,11,1,0
11.7,15,Bank Transfer,Food,UAE,0.384,0.43,1088,13,1,0
67.85,14,Online,Electronics,India,0.131,0.578,1205,10,0,0
59.04,21,POS,Travel,UAE,0.057,0.605,2202,10,1,0
41.74,5,Online,Food,Singapore,0.264,0.51,1374,18,1,0
498.16,6,ATM,Travel,UAE,0.539,0.387,2530,12,1,0
115.47,3,POS,Grocery,USA,0.263,0.286,1761,12,1,0
137.84,15,Online,Grocery,India,0.385,0.429,1537,11,0,0
26.28,12,Online,Food,India,0.691,0.08,802,9,0,0
24.55,8,POS,Utilities,UAE,0.122,0.505,1934,16,1,0
69.19,16,Bank Transfer,Travel,India,0.103,0.177,769,14,0,0
79.28,9,POS,Travel,Singapore,0.259,0.18,2245,16,1,0
10.42,4,POS,Food,USA,0.222,0.271,1456,15,1,1
55.68,12,POS,Grocery,India,0.278,0.344,1594,12,0,0
67.63,10,Online,Grocery,India,0.133,0.106,1587,11,0,0
53.78,9,Bank Transfer,Food,UAE,0.024,0.668,129,8,1,0
29.57,10,ATM,Food,India,0.154,0.122,2392,17,0,0
38.88,21,Bank Transfer,Grocery,USA,0.18,0.391,2978,10,1,0
55.88,5,Online,Travel,UAE,0.514,0.268,2234,11,1,0
73.02,6,Online,Travel,India,0.221,0.269,546,10,0,0
122.09,13,Online,Entertainment,India,0.658,0.218,1875,10,0,0
196.54,1,POS,Food,India,0.483,0.285,483,12,0,0
49.68,3,Bank Transfer,Entertainment,Singapore,0.325,0.088,1963,9,1,0
42.26,13,Online,Grocery,India,0.364,0.128,1329,8,0,0
103.3,12,Online,Utilities,India,0.631,0.105,2615,13,0,0
122.84,15,Online,Travel,India,0.115,0.222,1746,7,0,0
43.2,2,ATM,Utilities,India,0.36,0.458,175,11,0,0
146.99,20,POS,Utilities,India,0.449,0.339,2612,7,0,0
177.61,11,ATM,Electronics,India,0.289,0.404,1712,14,0,0
242.67,3,ATM,Entertainment,Singapore,0.209,0.487,2664,10,1,0
394.78,7,ATM,Entertainment,India,0.427,0.063,182,11,0,0
28.04,5,POS,Entertainment,UK,0.347,0.277,713,18,1,0
67.62,10,POS,Grocery,UAE,0.417,0.155,330,14,1,0
67.44,11,Online,Grocery,India,0.313,0.176,890,12,0,0
60.46,10,Bank Transfer,Utilities,India,0.306,0.165,1427,10,0,0
34.84,11,Bank Transfer,Entertainment,India,0.299,0.251,1964,13,0,0
15.1,21,Online,Food,India,0.288,0.241,1175,11,0,0
73.16,23,POS,Travel,India,0.334,0.422,1438,11,0,0
30.93,11,POS,Electronics,India,0.205,0.307,2202,13,0,0
72.67,23,Online,Electronics,India,0.082,0.217,1241,14,0,0
30.14,19,POS,Electronics,India,0.413,0.205,2456,19,0,0
22.21,19,Online,Food,India,0.512,0.316,348,15,0,0
84.29,5,ATM,Entertainment,USA,0.309,0.18,2370,10,1,0
77.55,10,Online,Electronics,India,0.159,0.406,2402,14,0,0
119.02,8,Online,Utilities,India,0.363,0.379,1739,11,0,0
593.4,2,POS,Grocery,India,0.565,0.568,897,16,0,0
88.0,1,POS,Entertainment,India,0.025,0.138,19,11,0,0
108.32,14,Online,Entertainment,India,0.156,0.113,2952,11,0,0
22.7,10,Online,Food,India,0.127,0.386,71,7,0,0
18.41,19,POS,Electronics,India,0.082,0.063,263,15,0,0
324.68,16,POS,Electronics,India,0.399,0.159,571,9,0,0
26.48,2,POS,Electronics,UAE,0.53,0.467,577,10,1,1
23.48,20,Online,Utilities,India,0.202,0.31,805,8,0,0
64.13,11,Online,Grocery,India,0.075,0.03,644,6,0,0
60.93,13,Online,Food,India,0.266,0.179,1383,12,0,0
27.04,23,Online,Utilities,Singapore,0.391,0.25,2695,9,1,0
49.16,15,POS,Food,UAE,0.203,0.3,1140,12,1,0
228.01,0,Online,Food,India,0.358,0.327,421,7,0,0
29.79,4,POS,Food,India,0.247,0.432,454,7,0,0
16.55,10,Bank Transfer,Food,India,0.403,0.189,2546,11,0,0
171.16,0,POS,Food,UK,0.457,0.244,290,15,1,0
109.1,4,Online,Utilities,India,0.469,0.132,2853,16,0,0
35.85,19,POS,Entertainment,UAE,0.41,0.225,65,12,1,0
13.71,3,ATM,Utilities,India,0.619,0.42,126,12,0,0
31.67,4,POS,Food,India,0.257,0.332,208,11,0,0
63.14,12,Bank Transfer,Entertainment,India,0.255,0.118,2770,21,0,0
213.93,2,POS,Utilities,India,0.218,0.261,2,12,0,0
23.65,6,ATM,Travel,India,0.238,0.237,2657,14,0,0
61.28,22,Online,Utilities,USA,0.571,0.533,97,13,1,0
130.99,15,POS,Entertainment,India,0.295,0.232,2151,8,0,0
6.16,23,POS,Electronics,India,0.432,0.507,1342,12,0,1
187.5,8,Online,Entertainment,USA,0.168,0.179,736,12,1,0
20.44,14,ATM,Travel,UAE,0.439,0.387,2027,11,1,0
92.94,5,Bank Transfer,Entertainment,UK,0.36,0.348,2138,14,1,0
85.34,9,POS,Food,USA,0.136,0.06,1256,15,1,0
197.27,4,Online,Utilities,India,0.496,0.288,320,8,0,0
115.69,19,POS,Food,UAE,0.109,0.257,788,13,1,0
6.19,4,POS,Food,India,0.109,0.311,58,13,0,0
30.42,4,Online,Food,UAE,0.45,0.307,1846,6,1,0
76.57,11,POS,Food,UK,0.195,0.102,1069,9,1,0
54.87,10,POS,Utilities,India,0.322,0.149,1897,15,0,0
107.51,7,Bank Transfer,Entertainment,India,0.106,0.45,1620,17,0,0
146.84,8,ATM,Grocery,USA,0.118,0.109,2133,12,1,0
122.54,7,ATM,Food,USA,0.211,0.684,1366,16,1,0
53.82,21,POS,Travel,India,0.125,0.33,853,18,0,0
10.52,13,Bank Transfer,Grocery,UAE,0.145,0.443,1869,7,1,0
42.29,22,Online,Utilities,India,0.302,0.324,2869,20,0,0
101.13,23,Online,Utilities,India,0.529,0.426,2077,10,0,0
22.41,15,POS,Utilities,India,0.213,0.274,516,13,0,0
125.37,19,Bank Transfer,Electronics,India,0.196,0.239,770,8,0,0
165.4,2,Online,Electronics,India,0.396,0.13,2890,12,0,1
75.71,22,ATM,Entertainment,UAE,0.276,0.525,2151,12,1,0
3.11,11,Online,Travel,India,0.245,0.134,1899,9,0,0
18.58,17,ATM,Grocery,Singapore,0.138,0.152,2170,12,1,0
439.74,5,Online,Electronics,UK,0.195,0.492,817,12,1,0
38.61,2,Bank Transfer,Food,India,0.393,0.515,2761,8,0,0
9.17,21,POS,Electronics,Singapore,0.248,0.11,598,11,1,0
229.35,10,POS,Travel,UK,0.104,0.123,2829,9,1,0
67.58,3,ATM,Food,India,0.446,0.324,695,14,0,0
201.33,15,Online,Utilities,India,0.288,0.083,941,8,0,0
87.97,1,Online,Travel,India,0.14,0.46,1938,13,0,0
105.48,10,ATM,Electronics,India,0.193,0.059,1493,17,0,0
95.87,16,Online,Travel,India,0.415,0.484,2874,5,0,0
133.95,17,ATM,Travel,India,0.132,0.356,2559,12,0,0
650.3,10,POS,Food,UAE,0.25,0.243,2603,13,1,0
176.09,8,Bank Transfer,Electronics,USA,0.378,0.348,1708,9,1,0
13.73,20,POS,Food,USA,0.275,0.155,2944,13,1,0
104.24,4,Online,Grocery,UAE,0.268,0.106,2183,13,1,0
208.82,1,Bank Transfer,Food,India,0.126,0.382,966,12,0,0
222.01,3,POS,Grocery,India,0.327,0.192,1794,13,0,0
43.53,19,POS,Electronics,USA,0.3,0.278,1163,12,1,0
213.78,11,POS,Utilities,India,0.049,0.124,824,14,0,0
168.64,0,Online,Electronics,India,0.336,0.298,2241,11,0,0
873.51,4,Online,Entertainment,UK,0.517,0.397,1228,9,1,0
31.5,0,POS,Electronics,India,0.531,0.279,751,12,0,0
40.15,19,Bank Transfer,Utilities,India,0.27,0.094,2571,9,0,0
49.1,11,POS,Utilities,India,0.193,0.158,1012,13,0,0
40.84,1,Online,Utilities,India,0.437,0.287,2226,13,0,0
27.38,5,Online,Electronics,India,0.228,0.274,860,15,0,0
4.21,14,POS,Travel,India,0.176,0.292,1148,13,0,0
43.18,14,POS,Food,Singapore,0.616,0.204,1224,17,1,0
96.48,19,Bank Transfer,Entertainment,UAE,0.063,0.237,1451,12,1,0
40.72,0,Online,Food,India,0.495,0.232,2316,7,0,0
461.92,1,POS,Entertainment,India,0.203,0.445,1058,12,0,0
67.58,0,ATM,Utilities,India,0.362,0.151,27,13,0,0
242.51,9,Online,Entertainment,India,0.262,0.609,464,8,0,0
86.61,17,POS,Electronics,India,0.404,0.23,79,12,0,0
152.38,15,Online,Travel,India,0.247,0.067,2736,12,0,0
88.17,5,Online,Electronics,India,0.217,0.039,12,15,0,0
262.12,15,POS,Food,India,0.317,0.613,2763,16,0,0
70.52,15,Bank Transfer,Utilities,India,0.37,0.774,1918,9,0,0
109.52,4,POS,Travel,Singapore,0.19,0.058,29,7,1,0
96.19,17,POS,Grocery,India,0.187,0.074,1100,13,0,0
49.98,10,POS,Travel,India,0.45,0.349,2322,11,0,0
99.98,1,ATM,Food,India,0.192,0.188,1413,10,0,0
622.9,9,ATM,Travel,Singapore,0.238,0.435,2423,12,1,0
50.89,18,Bank Transfer,Electronics,India,0.405,0.71,1399,5,0,0
101.44,16,POS,Travel,India,0.387,0.574,1081,14,0,0
234.58,6,ATM,Utilities,India,0.499,0.456,610,13,0,0
208.57,18,Online,Food,USA,0.171,0.117,1993,8,1,0
67.47,9,POS,Entertainment,UK,0.276,0.07,2371,12,1,0
6.15,11,POS,Food,India,0.311,0.22,2062,7,0,0
111.8,2,ATM,Grocery,India,0.438,0.513,560,10,0,0
7.25,23,POS,Travel,India,0.09,0.207,1062,16,0,0
290.02,20,Online,Utilities,India,0.086,0.224,2053,7,0,0
79.0,4,Online,Food,India,0.082,0.154,638,11,0,0
181.21,13,POS,Entertainment,India,0.39,0.365,2218,11,0,0
27.06,18,Bank Transfer,Entertainment,India,0.395,0.338,2761,12,0,0
14.12,12,ATM,Food,UAE,0.273,0.473,767,7,1,0
86.55,5,Online,Food,India,0.074,0.086,1102,17,0,0
64.48,23,Online,Travel,India,0.625,0.492,2127,12,0,0
40.79,6,Online,Travel,UAE,0.291,0.188,2230,11,1,0
72.58,8,ATM,Grocery,USA,0.264,0.405,651,7,1,0
1061.5,8,POS,Travel,India,0.392,0.115,1455,6,0,0
153.63,21,Online,Food,USA,0.24,0.419,1578,12,1,0
190.47,12,POS,Utilities,India,0.179,0.078,2499,8,0,0
155.08,17,Online,Electronics,UK,0.131,0.235,2151,10,1,0
292.79,21,Online,Food,India,0.396,0.321,435,11,0,0
55.14,22,POS,Utilities,UAE,0.255,0.209,437,18,1,0
8.54,20,Bank Transfer,Entertainment,India,0.354,0.052,2711,10,0,0
55.22,21,POS,Travel,India,0.392,0.504,2031,10,0,0
150.17,22,POS,Travel,India,0.392,0.144,2591,11,0,0
25.28,23,Online,Food,India,0.509,0.316,400,12,0,0
55.9,15,Online,Travel,India,0.307,0.342,1584,7,0,0
33.39,3,POS,Travel,UK,0.339,0.351,214,14,1,0
299.47,2,Online,Food,India,0.54,0.322,1433,14,0,0
141.1,19,ATM,Food,UAE,0.162,0.221,1048,4,1,0
127.94,7,POS,Travel,India,0.107,0.144,948,5,0,0
124.16,19,Bank Transfer,Grocery,India,0.432,0.517,655,16,0,0
64.25,22,POS,Entertainment,India,0.397,0.145,389,13,0,0
81.25,15,Online,Electronics,India,0.059,0.217,448,10,0,0
20.39,18,POS,Food,USA,0.223,0.202,1603,12,1,0
7.49,6,ATM,Travel,USA,0.264,0.206,776,12,1,0
77.48,10,ATM,Travel,India,0.439,0.199,904,7,0,0
92.2,23,POS,Food,India,0.336,0.228,2286,12,0,0
223.47,19,POS,Grocery,India,0.136,0.066,1223,11,0,0
320.97,4,POS,Travel,India,0.496,0.39,2581,21,0,0
320.54,22,POS,Entertainment,India,0.45,0.194,1884,11,0,0
24.58,11,Bank Transfer,Entertainment,India,0.115,0.247,2811,14,0,0
46.89,20,Online,Electronics,India,0.649,0.093,2105,10,0,0
107.81,12,Online,Grocery,UAE,0.344,0.122,2853,4,1,0
838.74,14,Bank Transfer,Grocery,India,0.427,0.23,2181,10,0,0
292.98,3,ATM,Food,India,0.315,0.036,1886,21,0,0
204.26,8,ATM,Entertainment,India,0.321,0.463,1130,16,0,0
45.25,17,POS,Food,India,0.37,0.471,2080,15,0,0
27.57,20,POS,Electronics,USA,0.392,0.309,1220,19,1,1
146.78,2,POS,Grocery,USA,0.476,0.424,916,10,1,0
22.18,1,POS,Travel,USA,0.351,0.135,86,16,1,0
52.54,16,Online,Grocery,UK,0.29,0.133,2685,18,1,0
59.46,10,POS,Electronics,India,0.19,0.081,892,14,0,0
327.97,20,Online,Travel,India,0.091,0.074,1046,13,0,0
46.77,1,Online,Grocery,India,0.419,0.238,2371,19,0,0
5.82,8,POS,Food,UAE,0.405,0.17,2204,14,1,0
110.44,0,POS,Electronics,UK,0.484,0.194,2009,9,1,0
33.15,17,Online,Utilities,India,0.578,0.247,2354,14,0,0
69.59,20,Online,Electronics,India,0.214,0.079,2924,6,0,0
61.15,3,ATM,Grocery,India,0.065,0.359,2933,13,0,0
50.72,7,ATM,Entertainment,UAE,0.195,0.177,1417,17,1,0
146.99,20,POS,Entertainment,India,0.168,0.132,97,12,0,0
14.4,0,POS,Utilities,India,0.542,0.175,368,10,0,0
39.76,22,POS,Entertainment,India,0.251,0.342,754,7,0,0
132.16,21,POS,Electronics,India,0.79,0.517,1613,10,0,0
36.09,3,Online,Entertainment,India,0.304,0.281,1415,14,0,0
13.35,3,Bank Transfer,Entertainment,India,0.378,0.303,1831,11,0,0
130.13,16,POS,Food,UK,0.437,0.055,2392,5,1,0
205.02,0,POS,Entertainment,India,0.047,0.545,2149,14,0,0
63.75,12,ATM,Utilities,UK,0.015,0.361,2176,11,1,0
9.39,1,Online,Entertainment,India,0.149,0.337,2545,14,0,0
135.09,12,POS,Food,India,0.361,0.158,227,7,0,0
12.68,8,POS,Electronics,India,0.232,0.12,1171,9,0,0
90.81,16,Bank Transfer,Utilities,India,0.194,0.225,2571,14,0,0
27.45,21,POS,Utilities,India,0.476,0.123,378,12,0,0
20.91,11,Online,Travel,India,0.178,0.204,1237,10,0,0
42.87,15,ATM,Grocery,India,0.062,0.326,2357,9,0,0
55.52,14,POS,Entertainment,India,0.226,0.036,2565,7,0,0
35.02,23,ATM,Travel,UK,0.133,0.23,2468,7,1,0
120.15,5,POS,Utilities,India,0.315,0.096,2651,11,0,0
42.69,5,POS,Grocery,India,0.138,0.257,172,21,0,0
177.72,9,POS,Utilities,India,0.5,0.1,2754,11,0,0
88.34,17,Bank Transfer,Entertainment,India,0.452,0.62,1475,9,0,1
33.2,20,POS,Travel,Singapore,0.128,0.011,2357,5,1,0
28.05,6,POS,Grocery,India,0.089,0.378,808,9,0,0
12.84,2,Bank Transfer,Utilities,UAE,0.339,0.315,2260,8,1,0
89.19,14,POS,Grocery,Singapore,0.1,0.228,415,9,1,0
46.78,14,Bank Transfer,Grocery,India,0.293,0.237,1531,7,0,0
6.22,8,Online,Entertainment,India,0.075,0.423,110,13,0,0
39.03,4,Online,Entertainment,USA,0.339,0.349,1669,9,1,0
27.08,20,ATM,Grocery,UK,0.515,0.051,2973,14,1,0
322.36,20,ATM,Electronics,India,0.273,0.183,1550,13,0,0
12.15,17,POS,Food,India,0.114,0.469,123,13,0,0
15.78,13,Bank Transfer,Food,India,0.083,0.315,1547,15,0,0
202.34,6,Bank Transfer,Electronics,UK,0.333,0.15,609,15,1,0
258.98,9,Bank Transfer,Electronics,USA,0.054,0.312,632,11,1,0
31.66,1,Online,Grocery,India,0.191,0.257,1744,12,0,0
35.44,5,Online,Grocery,India,0.072,0.054,984,13,0,0
123.5,10,Online,Utilities,UK,0.049,0.27,1150,17,1,0
6.51,10,POS,Travel,UAE,0.01,0.128,532,10,1,0
10.37,1,Online,Utilities,India,0.35,0.505,1907,14,0,0
50.36,22,Online,Grocery,India,0.109,0.48,2153,13,0,0
314.16,6,Online,Utilities,India,0.243,0.153,2679,15,0,0
43.13,12,POS,Electronics,India,0.348,0.304,1261,14,0,0
73.77,11,Online,Entertainment,India,0.294,0.426,74,10,0,0
207.22,11,Online,Utilities,India,0.363,0.29,730,13,0,0
548.33,20,Online,Electronics,UK,0.203,0.47,2956,9,1,0
37.46,17,Bank Transfer,Entertainment,India,0.3,0.55,2398,9,0,0
65.57,20,ATM,Electronics,India,0.601,0.348,1600,14,0,0
412.43,9,POS,Entertainment,India,0.504,0.147,2686,10,0,0
14.55,6,POS,Utilities,India,0.326,0.126,757,12,0,0
186.34,10,Online,Entertainment,India,0.109,0.138,14,14,0,0
24.09,13,Online,Entertainment,India,0.351,0.077,1966,14,0,0
73.88,8,ATM,Electronics,India,0.221,0.639,2634,15,0,0
52.32,11,POS,Grocery,India,0.172,0.273,397,14,0,0
25.58,3,POS,Food,Singapore,0.17,0.557,81,16,1,0
24.95,14,Online,Grocery,Singapore,0.346,0.301,2214,15,1,0
87.92,17,ATM,Food,India,0.23,0.149,2129,12,0,0
180.47,12,Bank Transfer,Utilities,India,0.367,0.156,122,12,0,0
58.57,20,Bank Transfer,Grocery,India,0.192,0.025,2630,16,0,0
71.53,23,Online,Utilities,UK,0.435,0.396,2934,14,1,0
118.06,21,ATM,Food,Singapore,0.107,0.416,708,17,1,0
25.24,2,POS,Grocery,India,0.378,0.47,2532,10,0,0
139.73,21,Online,Entertainment,India,0.383,0.314,2830,11,0,0
151.31,8,Bank Transfer,Grocery,India,0.529,0.184,1343,13,0,0
901.11,10,Online,Food,India,0.165,0.337,2160,14,0,0
45.78,9,Bank Transfer,Food,India,0.435,0.345,1423,15,0,0
42.18,6,POS,Entertainment,India,0.462,0.11,2951,23,0,0
143.88,21,POS,Electronics,USA,0.193,0.219,274,11,1,0
151.28,15,Online,Grocery,India,0.184,0.336,599,12,0,0
39.05,23,Bank Transfer,Electronics,India,0.371,0.648,707,14,0,0
44.56,22,POS,Entertainment,India,0.207,0.286,385,15,0,0
114.56,10,ATM,Utilities,UK,0.625,0.237,215,13,1,0
29.15,17,POS,Travel,India,0.155,0.457,1985,13,0,0
44.23,12,ATM,Electronics,India,0.409,0.677,1788,15,0,0
72.94,11,Online,Utilities,Singapore,0.102,0.446,1545,7,1,0
180.54,17,POS,Travel,India,0.341,0.316,2229,9,0,0
36.43,16,ATM,Travel,India,0.303,0.52,2444,13,0,0
10.57,21,ATM,Entertainment,India,0.378,0.438,810,15,0,0
9.81,18,Online,Electronics,India,0.254,0.134,1287,12,0,0
18.93,14,POS,Food,UAE,0.499,0.175,1954,15,1,0
17.94,22,POS,Electronics,India,0.533,0.303,6,15,0,0
57.13,2,Bank Transfer,Food,India,0.094,0.102,1526,12,0,0
20.31,18,Online,Travel,India,0.441,0.364,1455,9,0,0
33.02,9,ATM,Entertainment,UAE,0.057,0.373,821,11,1,0
30.75,10,Online,Electronics,Singapore,0.102,0.317,1998,6,1,0
42.93,18,ATM,Food,India,0.146,0.363,991,13,0,0
250.26,6,POS,Travel,India,0.188,0.455,937,15,0,0
129.28,21,Online,Grocery,India,0.312,0.24,2176,8,0,0
67.77,11,Online,Food,USA,0.175,0.406,1506,9,1,0
42.05,8,POS,Grocery,India,0.213,0.148,597,11,0,0
43.24,7,POS,Utilities,India,0.472,0.369,1810,15,0,0
92.55,10,Online,Utilities,India,0.357,0.315,983,19,0,0
119.6,22,Bank Transfer,Travel,UAE,0.311,0.501,2154,13,1,0
26.91,2,Online,Travel,India,0.315,0.252,1445,11,0,0
69.16,12,POS,Food,India,0.103,0.164,707,6,0,0
8.74,20,Bank Transfer,Travel,UAE,0.252,0.092,248,11,1,0
82.41,11,POS,Utilities,India,0.038,0.29,807,9,0,0
142.9,13,POS,Grocery,India,0.024,0.436,1975,12,0,0
50.4,8,Bank Transfer,Electronics,India,0.307,0.479,2060,18,0,0
410.15,3,ATM,Travel,India,0.249,0.097,2482,16,0,0
27.63,15,Bank Transfer,Entertainment,India,0.01,0.332,1063,7,0,0
82.88,22,ATM,Grocery,India,0.148,0.582,2750,14,0,0
64.34,12,Online,Electronics,India,0.376,0.272,2251,9,0,0
60.32,10,POS,Utilities,India,0.515,0.344,991,10,0,0
59.48,3,POS,Electronics,Singapore,0.371,0.342,803,11,1,0
74.23,22,Bank Transfer,Travel,India,0.349,0.284,1715,10,0,0
155.7,20,Bank Transfer,Grocery,USA,0.263,0.03,2264,16,1,0
264.47,21,Online,Food,India,0.32,0.553,1412,13,0,0
66.54,8,Online,Grocery,India,0.052,0.221,473,12,0,0
150.7,15,POS,Electronics,India,0.355,0.151,2302,12,0,0
33.06,10,POS,Food,India,0.197,0.242,1357,7,0,0
143.45,5,Bank Transfer,Electronics,India,0.427,0.172,90,9,0,0
31.12,4,POS,Entertainment,India,0.515,0.353,575,9,0,0
198.47,9,Online,Entertainment,USA,0.321,0.286,1732,11,1,0
608.28,13,Bank Transfer,Grocery,UAE,0.553,0.453,1548,10,1,0
59.02,2,Online,Entertainment,India,0.346,0.463,500,12,0,0
7.44,16,Online,Utilities,UAE,0.07,0.24,2100,11,1,0
38.55,10,POS,Travel,India,0.381,0.183,1907,9,0,0
228.58,21,POS,Electronics,India,0.231,0.248,1582,11,0,0
115.94,6,POS,Electronics,India,0.483,0.257,224,13,0,0
85.53,1,POS,Electronics,UK,0.055,0.051,480,10,1,0
182.85,7,POS,Electronics,USA,0.043,0.046,544,13,1,0
108.25,23,POS,Utilities,UAE,0.138,0.25,2764,10,1,0
225.37,7,POS,Food,USA,0.074,0.131,675,13,1,0
167.24,16,POS,Utilities,India,0.446,0.133,15,16,0,0
305.42,20,Bank Transfer,Electronics,Singapore,0.431,0.6,855,16,1,1
95.47,6,POS,Food,UAE,0.154,0.088,2191,10,1,0
164.89,15,Online,Grocery,UK,0.436,0.239,636,15,1,0
49.05,4,Bank Transfer,Travel,India,0.071,0.087,2168,9,0,0
36.54,8,POS,Food,UK,0.535,0.516,84,16,1,1
367.52,7,Online,Travel,India,0.391,0.43,2688,12,0,0
82.78,16,ATM,Utilities,UAE,0.498,0.238,1641,7,1,0
149.14,21,Online,Travel,UAE,0.245,0.431,2583,10,1,0
75.47,6,POS,Grocery,USA,0.044,0.119,2159,12,1,0
37.1,6,ATM,Entertainment,India,0.264,0.114,451,9,0,0
67.42,19,Online,Grocery,India,0.174,0.434,1991,10,0,0
280.34,11,Online,Travel,UAE,0.262,0.149,2838,16,1,0
116.19,12,POS,Travel,Singapore,0.381,0.005,1431,11,1,1
12.04,16,POS,Entertainment,USA,0.532,0.105,453,7,1,0
53.77,3,ATM,Utilities,UAE,0.142,0.092,1655,8,1,0
396.35,20,POS,Travel,India,0.462,0.543,1691,16,0,0
53.85,8,POS,Electronics,Singapore,0.098,0.448,2345,13,1,0
11.02,15,Online,Electronics,India,0.244,0.252,470,10,0,0
442.77,10,Bank Transfer,Entertainment,India,0.344,0.183,1967,12,0,0
131.95,18,POS,Electronics,India,0.023,0.137,1137,15,0,0
62.18,14,POS,Food,India,0.651,0.173,723,13,0,0
46.0,4,Online,Food,India,0.461,0.182,2378,14,0,0
196.83,4,Online,Grocery,UK,0.24,0.137,1648,12,1,0
38.78,21,Online,Food,India,0.324,0.78,2808,20,0,0
210.24,12,Bank Transfer,Food,USA,0.391,0.23,706,12,1,0
114.69,6,POS,Utilities,India,0.157,0.21,963,11,0,0
85.17,3,POS,Food,Singapore,0.054,0.253,2749,14,1,0
77.13,3,Online,Utilities,India,0.436,0.14,1308,17,0,0
55.98,22,POS,Electronics,USA,0.389,0.38,1177,12,1,0
189.74,23,Online,Entertainment,India,0.156,0.195,2407,12,0,0
28.07,9,ATM,Utilities,India,0.194,0.165,325,7,0,0
13.17,4,POS,Grocery,India,0.268,0.298,1788,15,0,0
123.28,10,ATM,Food,India,0.376,0.059,1057,9,0,0
125.37,3,POS,Utilities,India,0.307,0.398,2692,12,0,0
107.8,13,Online,Food,India,0.021,0.539,386,10,0,0
100.26,15,Online,Utilities,India,0.122,0.387,986,12,0,0
48.4,23,Online,Electronics,USA,0.298,0.186,569,13,1,1
146.57,7,POS,Utilities,India,0.277,0.28,563,6,0,0
63.72,4,Bank Transfer,Food,India,0.179,0.19,758,12,0,0
40.97,3,Bank Transfer,Electronics,India,0.194,0.11,1645,11,0,0
48.82,9,ATM,Travel,India,0.022,0.666,1483,12,0,0
503.02,14,Bank Transfer,Travel,India,0.73,0.621,1400,14,0,0
11.76,1,POS,Travel,USA,0.379,0.431,2635,9,1,0
109.92,18,Online,Entertainment,India,0.321,0.35,2643,9,0,0
12.44,11,POS,Electronics,India,0.399,0.487,631,17,0,0
59.85,19,Bank Transfer,Electronics,India,0.348,0.097,267,10,0,0
43.22,11,POS,Electronics,India,0.174,0.251,2027,8,0,0
8.29,3,POS,Electronics,USA,0.06,0.205,137,8,1,0
98.4,0,Online,Entertainment,India,0.108,0.494,1815,11,0,0
45.6,13,POS,Electronics,Singapore,0.037,0.238,522,6,1,0
8.17,12,ATM,Electronics,India,0.419,0.152,513,16,0,0
154.4,19,POS,Food,India,0.563,0.192,2015,16,0,0
280.06,21,Online,Food,India,0.393,0.584,2316,14,0,0
295.93,3,Bank Transfer,Electronics,UAE,0.13,0.142,977,8,1,0
95.48,7,Online,Grocery,India,0.409,0.11,1074,19,0,0
69.83,4,POS,Entertainment,India,0.311,0.064,293,19,0,0
251.68,2,POS,Food,Singapore,0.472,0.475,2684,9,1,0
358.66,0,POS,Food,India,0.647,0.063,2659,17,0,0
207.18,1,POS,Food,India,0.203,0.309,474,13,0,0
26.01,12,Online,Food,India,0.088,0.411,2287,14,0,0
81.56,3,POS,Utilities,India,0.265,0.206,2761,12,0,0
103.49,4,POS,Grocery,UK,0.233,0.167,2653,14,1,0
10.92,2,POS,Grocery,India,0.175,0.124,1276,10,0,0
106.63,17,Bank Transfer,Utilities,India,0.23,0.273,336,10,0,0
647.42,15,POS,Utilities,India,0.368,0.284,1558,7,0,0
126.46,23,POS,Electronics,UAE,0.049,0.323,946,7,1,0
291.03,2,Online,Food,India,0.245,0.24,1045,15,0,0
80.07,5,POS,Electronics,India,0.372,0.01,1875,11,0,0
61.98,10,Bank Transfer,Utilities,UAE,0.541,0.304,1721,14,1,0
97.64,15,POS,Electronics,India,0.258,0.532,237,17,0,0
29.49,3,Online,Entertainment,UK,0.225,0.044,1874,12,1,0
25.44,5,Online,Electronics,USA,0.176,0.352,2974,14,1,0
236.58,10,ATM,Electronics,India,0.017,0.128,585,10,0,0
263.05,0,Online,Entertainment,UK,0.073,0.386,2978,14,1,0
24.75,9,ATM,Electronics,UAE,0.448,0.09,314,14,1,0
175.56,18,Online,Grocery,India,0.369,0.081,1556,10,0,0
61.13,12,Online,Travel,India,0.11,0.499,287,10,0,0
93.67,10,ATM,Utilities,UK,0.287,0.615,2981,10,1,1
105.66,11,Online,Electronics,India,0.213,0.237,2371,14,0,0
180.25,22,Online,Grocery,India,0.012,0.499,2810,10,0,0
72.44,12,POS,Utilities,India,0.232,0.286,122,13,0,0
273.19,12,POS,Utilities,Singapore,0.398,0.51,1827,15,1,0
90.87,22,Online,Electronics,USA,0.34,0.344,2480,16,1,0
124.48,3,POS,Food,UAE,0.569,0.215,254,13,1,0
28.98,2,Online,Entertainment,India,0.209,0.058,2795,13,0,0
577.47,10,POS,Grocery,UAE,0.309,0.204,380,6,1,0
106.68,7,Online,Travel,India,0.253,0.149,332,13,0,0
136.05,4,ATM,Food,India,0.209,0.595,892,10,0,0
13.35,2,Online,Food,USA,0.109,0.428,2753,20,1,0
29.29,21,Online,Travel,India,0.236,0.367,2471,14,0,0
229.96,14,POS,Grocery,India,0.349,0.376,1296,14,0,0
88.84,16,POS,Utilities,India,0.534,0.637,1619,21,0,0
9.84,2,Online,Food,India,0.294,0.124,116,12,0,0
188.35,8,ATM,Entertainment,USA,0.61,0.193,2492,15,1,0
38.71,14,ATM,Electronics,India,0.261,0.195,156,6,0,0
273.5,12,Online,Food,USA,0.359,0.074,2136,12,1,0
61.08,16,ATM,Electronics,India,0.192,0.156,1112,15,0,0
81.84,16,ATM,Electronics,India,0.154,0.206,2445,10,0,0
216.8,9,ATM,Entertainment,USA,0.575,0.2,79,10,1,0
27.18,18,ATM,Utilities,India,0.252,0.008,797,21,0,0
24.71,6,POS,Entertainment,UAE,0.112,0.359,1955,14,1,0
54.79,1,POS,Entertainment,UAE,0.63,0.205,2101,13,1,0
152.5,21,Online,Grocery,India,0.257,0.316,17,12,0,0
17.62,0,Online,Food,India,0.221,0.304,233,14,0,0
12.58,6,ATM,Utilities,India,0.058,0.02,1093,17,0,0
151.98,2,POS,Electronics,UK,0.398,0.425,2069,11,1,0
36.49,5,POS,Food,India,0.486,0.306,1894,9,0,0
45.05,9,ATM,Travel,UAE,0.437,0.192,1462,11,1,0
10.41,3,POS,Travel,UAE,0.336,0.285,1763,14,1,0
33.82,11,ATM,Entertainment,India,0.226,0.228,1006,9,0,0
66.18,22,POS,Travel,USA,0.293,0.351,1714,12,1,0
169.08,3,Online,Food,India,0.206,0.116,2088,12,0,0
30.84,22,Online,Food,India,0.289,0.364,634,10,0,0
349.81,9,POS,Utilities,India,0.361,0.361,21,8,0,0
33.63,14,POS,Utilities,USA,0.325,0.464,862,7,1,0
33.68,10,POS,Food,India,0.385,0.362,2315,13,0,0
310.24,7,POS,Grocery,Singapore,0.092,0.082,2518,13,1,0
82.39,2,POS,Food,India,0.049,0.641,1607,7,0,0
38.4,14,ATM,Utilities,India,0.474,0.025,2566,14,0,0
57.1,21,POS,Electronics,UAE,0.564,0.159,1292,9,1,0
258.03,12,Online,Food,USA,0.336,0.708,2174,11,1,0
288.94,14,POS,Entertainment,India,0.25,0.41,1589,17,0,0
29.47,15,Bank Transfer,Electronics,India,0.335,0.308,1,16,0,0
63.92,9,ATM,Electronics,India,0.397,0.095,815,10,0,0
72.98,2,Bank Transfer,Electronics,India,0.426,0.5,2013,13,0,0
24.87,12,Bank Transfer,Utilities,UAE,0.178,0.223,1851,9,1,0
63.07,20,POS,Electronics,India,0.218,0.464,2212,16,0,0
67.04,7,Online,Travel,India,0.261,0.424,686,11,0,0
208.56,20,POS,Food,UK,0.567,0.345,552,9,1,0
223.06,20,Bank Transfer,Entertainment,India,0.492,0.666,2782,20,0,0
47.98,5,Online,Utilities,Singapore,0.295,0.375,1100,18,1,0
53.84,13,Online,Utilities,India,0.22,0.294,2339,11,0,0
129.58,17,Bank Transfer,Entertainment,India,0.113,0.283,170,5,0,0
37.14,11,ATM,Entertainment,India,0.455,0.523,2651,5,0,0
120.14,16,Bank Transfer,Electronics,India,0.056,0.376,2591,7,0,0
61.07,21,POS,Electronics,UAE,0.635,0.297,2145,13,1,0
25.29,15,POS,Food,India,0.351,0.334,871,19,0,0
25.61,20,POS,Entertainment,India,0.466,0.203,243,9,0,0
283.46,19,Online,Food,India,0.495,0.38,628,13,0,0
57.03,19,Online,Travel,India,0.577,0.268,1563,16,0,0
343.9,20,POS,Grocery,India,0.225,0.295,2859,18,0,0
39.9,5,ATM,Grocery,India,0.26,0.351,2111,13,0,0
89.23,0,POS,Electronics,India,0.471,0.347,1435,6,0,0
729.73,3,Online,Entertainment,UAE,0.355,0.32,1851,10,1,0
23.16,5,Bank Transfer,Entertainment,India,0.339,0.483,2215,10,0,0
10.0,16,Online,Entertainment,USA,0.093,0.313,2054,11,1,0
241.43,12,Online,Entertainment,India,0.304,0.215,319,13,0,0
29.17,11,POS,Grocery,UK,0.047,0.249,1607,14,1,0
65.32,0,POS,Utilities,India,0.058,0.194,2698,13,0,0
37.12,16,ATM,Utilities,India,0.437,0.287,1899,12,0,0
87.2,8,Online,Utilities,India,0.295,0.19,1135,12,0,0
25.78,18,POS,Electronics,India,0.34,0.514,1682,8,0,0
55.7,2,Bank Transfer,Travel,India,0.353,0.026,2158,12,0,0
104.57,7,Online,Utilities,India,0.558,0.088,235,2,0,0
24.33,1,ATM,Travel,Singapore,0.247,0.3,552,9,1,0
33.11,6,Online,Entertainment,India,0.171,0.19,1756,12,0,0
47.12,22,Bank Transfer,Utilities,UAE,0.458,0.295,277,11,1,0
15.98,11,POS,Utilities,India,0.093,0.242,1398,10,0,0
43.7,10,POS,Food,India,0.367,0.102,2282,13,0,0
75.1,6,Bank Transfer,Utilities,India,0.196,0.208,1514,9,0,0
44.72,6,Bank Transfer,Entertainment,India,0.157,0.171,2414,11,0,0
50.84,16,Online,Utilities,Singapore,0.324,0.139,224,7,1,0
65.37,23,POS,Electronics,India,0.235,0.195,1386,14,0,0
34.61,17,POS,Food,Singapore,0.12,0.398,2711,12,1,0
133.09,17,ATM,Entertainment,India,0.132,0.149,1801,7,0,0
280.33,11,ATM,Travel,India,0.265,0.277,2516,20,0,0
41.91,2,POS,Travel,India,0.676,0.217,1206,14,0,0
108.33,17,POS,Electronics,USA,0.19,0.387,151,14,1,0
52.48,19,Online,Electronics,India,0.288,0.34,915,8,0,0
96.11,12,ATM,Entertainment,UAE,0.314,0.348,2698,14,1,0
319.19,2,Online,Utilities,India,0.162,0.293,662,12,0,0
110.9,17,Online,Grocery,India,0.459,0.409,2531,18,0,0
11.32,22,Bank Transfer,Travel,UK,0.256,0.369,1907,16,1,0
105.0,5,POS,Utilities,India,0.272,0.373,2330,17,0,0
228.8,3,Online,Food,UK,0.435,0.513,2843,14,1,0
53.43,17,Online,Travel,India,0.265,0.214,2790,13,0,0
180.48,7,Online,Food,USA,0.608,0.436,1521,8,1,0
33.44,17,Bank Transfer,Utilities,India,0.332,0.515,1979,12,0,0
15.1,16,Online,Electronics,UAE,0.391,0.16,336,9,1,0
76.8,6,Online,Electronics,India,0.675,0.426,368,17,0,0
11.51,1,POS,Food,UK,0.635,0.075,2775,9,1,0
52.47,13,ATM,Utilities,India,0.036,0.191,480,12,0,0
241.49,9,POS,Food,UK,0.304,0.388,155,5,1,0
9.88,20,POS,Utilities,Singapore,0.331,0.273,216,12,1,0
18.55,8,Online,Entertainment,Singapore,0.013,0.46,47,14,1,0
23.76,5,Online,Electronics,India,0.079,0.462,1258,13,0,0
62.59,20,Bank Transfer,Electronics,India,0.103,0.227,253,10,0,0
46.26,17,ATM,Entertainment,Singapore,0.09,0.413,492,14,1,0
270.19,14,ATM,Grocery,India,0.309,0.597,2642,7,0,0
173.18,22,POS,Travel,India,0.267,0.201,104,17,0,0
109.43,18,Online,Travel,India,0.396,0.261,351,12,0,0
77.14,20,Bank Transfer,Entertainment,India,0.275,0.249,1550,12,0,0
98.81,19,Online,Entertainment,India,0.171,0.416,621,10,0,0
28.16,9,ATM,Entertainment,USA,0.365,0.652,921,9,1,0
157.15,1,Online,Grocery,India,0.306,0.317,1395,14,0,0
21.93,14,POS,Travel,India,0.236,0.578,596,6,0,0
153.76,18,Online,Travel,Singapore,0.469,0.308,2187,12,1,0
218.36,23,POS,Grocery,India,0.203,0.197,2103,9,0,0
82.34,16,POS,Travel,Singapore,0.231,0.104,53,13,1,0
55.91,13,POS,Electronics,India,0.27,0.399,1720,11,0,0
99.52,13,POS,Utilities,India,0.251,0.452,1000,10,0,0
3.81,2,Online,Travel,India,0.425,0.541,1654,12,0,0
90.22,0,Bank Transfer,Utilities,India,0.178,0.316,1966,11,0,0
59.54,1,Online,Entertainment,USA,0.472,0.483,1059,13,1,0
63.39,21,ATM,Grocery,India,0.252,0.181,1827,10,0,0
135.17,18,Online,Travel,India,0.525,0.168,2266,10,0,0
61.88,6,POS,Electronics,India,0.08,0.126,2411,15,0,0
21.32,10,POS,Utilities,India,0.43,0.124,457,7,0,0
57.89,11,Bank Transfer,Entertainment,Singapore,0.424,0.389,1663,11,1,0
71.35,5,Online,Utilities,India,0.216,0.049,1333,7,0,0
74.81,10,Bank Transfer,Travel,India,0.083,0.258,2701,8,0,0
78.41,8,POS,Utilities,India,0.236,0.464,1161,16,0,0
188.55,16,ATM,Utilities,USA,0.404,0.389,708,15,1,0
22.51,18,ATM,Food,India,0.218,0.376,2389,10,0,0
79.5,2,Bank Transfer,Grocery,India,0.124,0.124,1177,15,0,0
242.24,11,POS,Travel,UK,0.272,0.483,559,15,1,0
11.77,23,Bank Transfer,Grocery,India,0.455,0.144,1613,10,0,0
79.81,20,Online,Entertainment,USA,0.058,0.203,2961,14,1,0
37.14,19,ATM,Travel,India,0.165,0.342,894,11,0,0
46.03,17,Online,Entertainment,UAE,0.309,0.038,477,14,1,0
26.98,0,Online,Travel,India,0.132,0.197,1415,7,0,0
56.29,23,Online,Utilities,India,0.282,0.003,1320,11,0,0
420.42,17,ATM,Entertainment,India,0.729,0.284,897,6,0,0
18.83,21,POS,Electronics,India,0.784,0.502,1820,5,0,0
20.71,21,Online,Electronics,India,0.377,0.58,63,14,0,0
18.14,6,Online,Grocery,India,0.269,0.141,1268,12,0,0
375.18,0,ATM,Grocery,India,0.537,0.203,400,11,0,0
42.0,15,Online,Utilities,USA,0.275,0.163,2627,13,1,0
65.0,11,Online,Entertainment,India,0.311,0.256,1651,17,0,0
44.58,0,Online,Utilities,USA,0.022,0.322,1933,9,1,1
25.93,6,Online,Food,India,0.514,0.167,1802,7,0,0
52.71,23,Online,Travel,India,0.163,0.307,2044,12,0,0
779.18,8,ATM,Grocery,USA,0.529,0.029,2044,15,1,0
268.29,6,ATM,Entertainment,Singapore,0.136,0.639,2644,14,1,0
28.42,15,Online,Travel,UK,0.206,0.128,1837,13,1,0
127.43,15,POS,Grocery,India,0.153,0.168,388,16,0,0
29.03,7,Online,Grocery,India,0.121,0.661,1116,10,0,0
11.29,20,POS,Food,UAE,0.261,0.183,1341,14,1,0
184.84,13,POS,Utilities,India,0.513,0.157,2715,17,0,0
212.74,3,ATM,Electronics,India,0.053,0.415,1206,11,0,0
189.82,7,Online,Utilities,India,0.24,0.442,2602,10,0,0
41.68,20,Online,Electronics,USA,0.355,0.291,2252,12,1,0
56.44,2,Bank Transfer,Entertainment,UK,0.25,0.331,1175,8,1,0
141.14,0,POS,Travel,UAE,0.263,0.171,2527,14,1,0
98.64,15,POS,Food,UAE,0.377,0.248,1421,6,1,0
44.99,10,POS,Travel,India,0.147,0.26,1350,12,0,0
13.21,6,POS,Entertainment,India,0.073,0.487,391,21,0,0
74.73,11,ATM,Electronics,India,0.474,0.427,352,12,0,0
196.18,4,ATM,Grocery,India,0.418,0.065,1654,6,0,1
20.13,8,Online,Travel,India,0.055,0.167,2284,19,0,0
126.31,5,POS,Electronics,UAE,0.113,0.188,2545,9,1,0
92.9,14,Online,Electronics,India,0.255,0.493,2349,9,0,0
141.2,16,POS,Travel,India,0.282,0.414,1351,16,0,0
159.49,21,Online,Food,India,0.069,0.356,827,14,0,0
33.3,1,Online,Utilities,India,0.503,0.202,1223,11,0,0
13.24,7,POS,Entertainment,India,0.1,0.414,515,16,0,0
39.11,6,ATM,Travel,India,0.064,0.282,1568,13,0,0
162.25,13,ATM,Entertainment,India,0.164,0.284,425,7,0,0
38.78,12,POS,Utilities,India,0.221,0.333,2273,6,0,0
33.31,21,Online,Travel,UK,0.417,0.171,304,10,1,0
10.79,22,Online,Travel,USA,0.425,0.22,1225,15,1,0
384.77,18,POS,Grocery,Singapore,0.461,0.242,872,8,1,0
152.28,4,POS,Utilities,India,0.267,0.235,1873,11,0,0
144.01,0,Online,Entertainment,India,0.286,0.444,2148,14,0,0
175.52,21,Bank Transfer,Electronics,India,0.293,0.148,1170,10,0,0
118.71,22,Online,Utilities,UAE,0.241,0.433,858,8,1,0
52.23,6,Online,Food,India,0.149,0.705,2758,9,0,0
56.61,1,Online,Utilities,India,0.028,0.218,2513,10,0,0
43.49,16,Online,Utilities,UAE,0.551,0.106,2531,13,1,0
929.59,14,POS,Utilities,UAE,0.123,0.166,1003,13,1,0
116.27,21,Online,Electronics,India,0.297,0.343,129,9,0,0
41.94,13,Bank Transfer,Food,UK,0.261,0.191,2115,12,1,0
106.22,18,ATM,Travel,India,0.264,0.152,626,11,0,0
24.27,18,Bank Transfer,Utilities,India,0.195,0.118,635,17,0,0
300.22,0,POS,Travel,India,0.322,0.633,2390,13,0,0
34.43,3,Online,Electronics,UAE,0.544,0.319,343,13,1,0
110.07,18,Online,Food,India,0.351,0.482,2507,14,0,0
193.64,4,POS,Entertainment,UK,0.384,0.568,725,11,1,0
97.98,4,POS,Entertainment,India,0.079,0.126,992,17,0,0
73.29,18,ATM,Utilities,India,0.595,0.079,1879,15,0,0
67.41,4,Online,Entertainment,USA,0.336,0.332,2072,11,1,0
63.03,3,Online,Entertainment,UK,0.427,0.245,1992,11,1,0
37.46,0,POS,Food,UAE,0.241,0.193,1522,9,1,0
42.54,11,Online,Electronics,UK,0.796,0.142,1861,5,1,0
292.83,15,POS,Utilities,USA,0.354,0.319,1138,15,1,0
59.83,17,POS,Electronics,India,0.152,0.076,1267,11,0,0
30.39,21,Online,Food,UAE,0.099,0.309,368,13,1,0
39.79,15,POS,Travel,India,0.044,0.185,1679,10,0,0
200.41,18,Bank Transfer,Electronics,India,0.392,0.376,1037,19,0,0
131.05,5,Online,Electronics,India,0.207,0.37,2824,8,0,0
116.78,8,POS,Travel,India,0.437,0.187,2889,16,0,0
51.55,7,POS,Entertainment,India,0.498,0.319,225,9,0,0
118.32,1,ATM,Entertainment,India,0.214,0.314,1918,14,0,0
35.04,23,POS,Entertainment,India,0.08,0.346,248,8,0,0
51.44,5,POS,Grocery,UAE,0.606,0.468,1074,15,1,0
175.88,10,Online,Travel,UAE,0.226,0.31,1480,7,1,0
159.86,8,POS,Travel,India,0.463,0.209,865,11,0,0
24.98,1,Online,Entertainment,UAE,0.171,0.539,2405,13,1,0
28.35,21,Online,Utilities,India,0.09,0.36,25,12,0,0
74.34,5,POS,Electronics,India,0.339,0.286,2635,12,0,0
374.7,2,ATM,Travel,UAE,0.27,0.291,2942,13,1,0
9.82,8,Online,Food,India,0.335,0.383,2191,11,0,0
88.09,3,Online,Utilities,UK,0.145,0.338,2972,11,1,0
16.84,23,POS,Electronics,India,0.168,0.3,663,18,0,0
35.36,4,Online,Travel,India,0.62,0.214,1856,10,0,1
46.32,7,POS,Food,India,0.586,0.525,2276,12,0,0
43.79,6,Online,Utilities,UAE,0.249,0.281,1039,12,1,0
39.1,0,POS,Entertainment,India,0.064,0.231,653,10,0,0
67.17,0,Bank Transfer,Food,India,0.167,0.359,1156,11,0,0
39.05,12,POS,Entertainment,India,0.239,0.064,45,26,0,0
15.45,5,Bank Transfer,Grocery,India,0.461,0.27,1577,16,0,0
145.46,2,Bank Transfer,Entertainment,India,0.237,0.351,458,11,0,0
141.58,6,Online,Grocery,UK,0.304,0.086,945,14,1,0
154.96,6,POS,Electronics,India,0.195,0.429,2904,6,0,0
14.29,10,Online,Electronics,India,0.139,0.303,208,12,0,0
89.92,23,Bank Transfer,Entertainment,India,0.494,0.105,2143,12,0,0
131.1,7,Online,Travel,India,0.799,0.114,734,13,0,0
23.78,16,Online,Travel,USA,0.571,0.117,441,7,1,1
67.3,18,POS,Utilities,UK,0.27,0.463,1650,11,1,0
59.37,1,ATM,Electronics,India,0.374,0.124,932,11,0,0
420.8,12,POS,Entertainment,India,0.073,0.359,2049,14,0,0
456.91,10,POS,Food,India,0.209,0.333,2649,9,0,0
12.62,12,POS,Food,Singapore,0.157,0.132,2155,16,1,0
807.49,4,Online,Entertainment,UAE,0.346,0.448,2141,18,1,0
26.7,11,Bank Transfer,Entertainment,UK,0.2,0.238,1898,12,1,0
177.8,2,ATM,Utilities,India,0.268,0.588,731,8,0,0
176.0,22,POS,Entertainment,India,0.265,0.28,1352,9,0,0
24.64,14,Online,Travel,UAE,0.06,0.337,2931,12,1,0
109.21,0,ATM,Travel,India,0.235,0.25,1587,13,0,0
59.89,12,Online,Utilities,USA,0.11,0.49,1746,14,1,0
116.09,22,POS,Electronics,UAE,0.239,0.047,1879,13,1,0
83.99,17,Online,Travel,UK,0.424,0.259,1648,12,1,0
220.6,6,Online,Grocery,India,0.198,0.46,343,4,0,0
71.91,21,Bank Transfer,Food,India,0.32,0.139,1760,9,0,0
56.38,4,Online,Food,UAE,0.185,0.402,480,9,1,0
199.55,5,POS,Entertainment,India,0.064,0.497,2198,7,0,0
119.15,3,ATM,Entertainment,UAE,0.242,0.51,2692,14,1,0
138.63,22,POS,Entertainment,India,0.137,0.024,790,7,0,0
34.31,17,Bank Transfer,Food,UK,0.123,0.151,881,13,1,0
23.45,12,Online,Utilities,UAE,0.096,0.09,72,10,1,0
37.8,16,POS,Utilities,India,0.331,0.11,964,16,0,0
35.84,6,Online,Entertainment,India,0.553,0.205,1952,11,0,0
146.38,1,POS,Electronics,India,0.617,0.11,527,13,0,0
176.97,20,POS,Travel,UK,0.153,0.376,1422,13,1,0
57.1,23,Online,Grocery,India,0.124,0.453,2419,7,0,0
278.92,0,ATM,Utilities,India,0.385,0.388,2434,10,0,0
262.03,1,ATM,Entertainment,Singapore,0.333,0.226,103,15,1,0
85.06,13,Online,Utilities,UAE,0.295,0.272,2782,13,1,0
29.32,1,POS,Entertainment,Singapore,0.422,0.458,2536,12,1,0
322.27,17,Online,Electronics,India,0.473,0.291,1832,19,0,0
62.74,22,Online,Grocery,UAE,0.234,0.231,2411,21,1,0
75.65,6,POS,Grocery,Singapore,0.257,0.135,1785,11,1,0
47.48,7,Bank Transfer,Entertainment,India,0.178,0.308,1242,12,0,0
27.39,20,Bank Transfer,Travel,UAE,0.139,0.263,1908,11,1,0
15.35,8,POS,Electronics,India,0.575,0.155,2665,9,0,0
125.57,5,ATM,Utilities,UAE,0.322,0.191,235,13,1,0
30.47,2,Online,Electronics,UK,0.215,0.642,2197,10,1,0
1421.59,20,POS,Utilities,India,0.295,0.256,1089,6,0,0
22.51,22,Online,Food,India,0.341,0.342,2552,12,0,0
18.97,1,POS,Entertainment,India,0.203,0.112,1972,6,0,0
111.07,19,POS,Grocery,India,0.147,0.136,296,12,0,0
307.76,3,Bank Transfer,Electronics,USA,0.062,0.365,1581,13,1,0
71.14,3,Online,Travel,Singapore,0.185,0.176,2508,11,1,0
118.18,9,POS,Grocery,India,0.136,0.256,2354,3,0,0
10.55,10,Online,Utilities,India,0.361,0.005,2059,13,0,0
33.87,20,Bank Transfer,Food,USA,0.266,0.438,356,20,1,0
22.79,16,Online,Electronics,India,0.622,0.153,2987,15,0,0
10.02,3,Bank Transfer,Electronics,India,0.461,0.383,1910,15,0,0
74.96,14,Bank Transfer,Travel,India,0.171,0.064,2441,13,0,0
7.08,21,POS,Grocery,India,0.414,0.204,2518,14,0,0
17.78,15,Online,Utilities,India,0.459,0.153,2970,14,0,0
38.97,5,Online,Grocery,Singapore,0.29,0.173,1990,17,1,0
29.04,3,ATM,Electronics,India,0.337,0.253,1648,13,0,0
99.13,10,Online,Grocery,India,0.188,0.137,232,11,0,0
90.52,11,POS,Utilities,UK,0.143,0.074,406,11,1,0
163.01,8,POS,Travel,UAE,0.093,0.519,1989,13,1,0
141.51,2,Online,Electronics,India,0.128,0.165,2778,15,0,0
208.68,2,ATM,Entertainment,Singapore,0.107,0.401,2551,13,1,0
66.56,12,ATM,Food,UK,0.12,0.23,2554,13,1,0
90.33,22,Online,Electronics,UAE,0.137,0.303,446,8,1,0
111.22,14,POS,Food,India,0.131,0.13,1346,9,0,0
76.83,10,POS,Electronics,India,0.028,0.721,1856,13,0,0
44.83,22,ATM,Travel,India,0.178,0.174,1856,13,0,0
47.83,16,Online,Food,UK,0.137,0.252,1459,14,1,0
29.44,17,ATM,Electronics,Singapore,0.155,0.333,2819,7,1,0
101.66,13,POS,Utilities,India,0.477,0.29,674,17,0,0
60.7,18,Online,Electronics,India,0.195,0.378,2508,17,0,0
34.36,12,Bank Transfer,Entertainment,India,0.365,0.023,1326,10,0,0
34.39,14,POS,Travel,India,0.097,0.364,1928,10,0,0
19.88,14,POS,Food,UAE,0.313,0.385,1269,8,1,0
177.48,18,Online,Food,India,0.519,0.251,1080,15,0,0
72.14,21,Online,Entertainment,USA,0.065,0.302,1714,13,1,0
28.14,7,Bank Transfer,Electronics,India,0.417,0.196,1608,14,0,0
149.69,16,Bank Transfer,Entertainment,Singapore,0.224,0.115,2245,7,1,0
38.07,0,ATM,Grocery,Singapore,0.43,0.372,218,13,1,0
16.34,12,POS,Entertainment,India,0.384,0.457,291,11,0,0
185.16,21,Online,Entertainment,USA,0.47,0.197,1141,14,1,0
38.97,15,Bank Transfer,Electronics,Singapore,0.442,0.329,604,14,1,0
44.31,6,Online,Grocery,UAE,0.208,0.198,2150,5,1,0
69.49,14,Bank Transfer,Food,India,0.263,0.284,1926,4,0,0
209.05,8,Online,Entertainment,India,0.071,0.461,426,10,0,0
68.04,10,POS,Electronics,India,0.267,0.144,369,16,0,0
20.1,5,Online,Grocery,USA,0.513,0.205,2528,12,1,0
114.88,14,Online,Electronics,India,0.529,0.487,1972,10,0,0
41.06,4,POS,Utilities,UAE,0.268,0.195,2682,9,1,0
440.51,10,POS,Travel,India,0.67,0.166,1971,13,0,0
66.61,22,ATM,Food,UAE,0.379,0.159,1212,15,1,0
7.13,18,POS,Electronics,India,0.126,0.563,1010,6,0,0
95.33,9,POS,Entertainment,India,0.131,0.29,2495,13,0,0
466.19,23,Online,Electronics,India,0.531,0.201,2966,10,0,0
322.44,0,ATM,Electronics,India,0.057,0.071,1304,18,0,0
416.11,23,Online,Food,Singapore,0.431,0.25,1422,13,1,1
24.05,8,Bank Transfer,Food,India,0.339,0.439,1193,12,0,0
166.03,19,Bank Transfer,Electronics,India,0.144,0.11,2885,11,0,0
32.4,22,Online,Travel,UAE,0.817,0.412,362,11,1,0
83.45,14,POS,Grocery,India,0.235,0.348,537,9,0,0
18.67,14,ATM,Entertainment,India,0.208,0.061,2465,9,0,0
35.01,17,POS,Electronics,Singapore,0.245,0.15,2806,11,1,0
33.91,5,ATM,Food,India,0.354,0.514,826,7,0,0
163.79,4,Online,Electronics,India,0.601,0.236,1729,8,0,0
148.52,8,Online,Utilities,India,0.103,0.083,855,11,0,0
87.95,11,Online,Entertainment,India,0.286,0.096,2969,12,0,0
17.28,17,Online,Electronics,India,0.325,0.455,207,12,0,0
48.83,6,Bank Transfer,Travel,UAE,0.117,0.691,1793,10,1,0
31.62,13,POS,Entertainment,India,0.315,0.153,1774,9,0,0
159.12,0,Bank Transfer,Grocery,UAE,0.204,0.055,2793,11,1,0
216.63,0,POS,Grocery,India,0.113,0.32,1696,10,0,0
191.79,23,ATM,Grocery,India,0.518,0.122,1049,10,0,0
31.34,20,Bank Transfer,Electronics,India,0.469,0.343,1477,11,0,0
4.31,20,Online,Electronics,India,0.273,0.263,1898,15,0,0
11.39,7,POS,Travel,India,0.166,0.073,2549,15,0,0
276.34,12,ATM,Travel,Singapore,0.26,0.206,97,17,1,0
44.65,16,ATM,Travel,UK,0.047,0.206,2151,14,1,0
31.48,6,POS,Electronics,USA,0.527,0.235,1749,9,1,0
344.7,17,Online,Travel,India,0.111,0.2,594,9,0,0
236.31,16,ATM,Food,Singapore,0.22,0.302,1125,8,1,0
68.34,9,POS,Electronics,India,0.319,0.344,1663,6,0,0
49.73,10,Online,Utilities,USA,0.647,0.458,2472,8,1,0
58.43,7,Online,Utilities,USA,0.395,0.357,2523,17,1,0
83.69,19,POS,Food,India,0.377,0.419,1490,8,0,0
330.32,23,ATM,Food,India,0.522,0.184,2094,8,0,0
101.74,23,POS,Grocery,UAE,0.247,0.075,1569,9,1,0
137.83,18,Bank Transfer,Food,India,0.332,0.626,2047,16,0,0
214.71,8,Online,Electronics,USA,0.255,0.229,2949,9,1,0
20.7,18,Online,Travel,UAE,0.672,0.104,261,13,1,0
141.86,5,Online,Entertainment,India,0.407,0.127,2671,9,0,0
49.67,21,Online,Grocery,India,0.14,0.107,541,14,0,0
5.39,6,ATM,Travel,India,0.625,0.267,2794,14,0,0
7.94,9,Online,Entertainment,UK,0.155,0.212,1240,10,1,0
24.09,2,ATM,Utilities,India,0.098,0.422,509,18,0,0
113.43,1,Online,Food,India,0.517,0.473,139,17,0,0
74.72,9,POS,Food,India,0.411,0.348,2640,9,0,0
80.19,13,POS,Utilities,UAE,0.361,0.48,2177,12,1,0
469.16,0,ATM,Grocery,Singapore,0.329,0.372,1283,13,1,0
18.74,20,Online,Electronics,India,0.427,0.247,2796,18,0,0
64.88,2,Online,Travel,UAE,0.402,0.137,2556,21,1,0
90.42,23,Online,Electronics,USA,0.195,0.266,530,18,1,0
31.94,6,Online,Utilities,UAE,0.539,0.329,1526,7,1,0
68.6,9,Online,Food,India,0.521,0.381,1930,10,0,0
13.46,3,Online,Utilities,India,0.189,0.093,2000,12,0,0
273.12,19,Bank Transfer,Food,Singapore,0.471,0.187,1513,14,1,0
33.73,17,POS,Utilities,India,0.282,0.215,753,9,0,0
508.47,1,Online,Travel,India,0.443,0.313,707,16,0,0
64.56,2,POS,Travel,UK,0.06,0.186,584,12,1,0
186.43,14,ATM,Travel,India,0.52,0.516,1442,16,0,0
63.22,20,Online,Entertainment,India,0.132,0.273,1672,17,0,0
64.67,2,Online,Food,India,0.2,0.395,2835,14,0,0
37.19,5,ATM,Travel,India,0.302,0.524,430,8,0,0
75.12,13,Online,Travel,India,0.254,0.616,1425,13,0,0
91.65,2,POS,Electronics,India,0.376,0.482,1874,12,0,0
30.44,7,Online,Grocery,India,0.166,0.164,1291,13,0,0
58.85,0,POS,Entertainment,UK,0.324,0.389,99,12,1,0
36.23,11,Bank Transfer,Utilities,India,0.287,0.463,2024,16,0,0
664.92,17,ATM,Utilities,India,0.467,0.453,600,13,0,0
60.96,9,ATM,Travel,USA,0.056,0.265,2217,23,1,0
312.7,6,Bank Transfer,Electronics,India,0.285,0.268,826,13,0,0
54.84,10,ATM,Food,India,0.288,0.316,2029,11,0,0
86.43,12,Online,Electronics,India,0.162,0.265,506,10,0,0
17.79,3,POS,Electronics,USA,0.11,0.878,1855,9,1,0
42.65,2,Online,Travel,India,0.305,0.125,355,16,0,0
82.31,4,Bank Transfer,Grocery,India,0.144,0.269,894,6,0,0
325.71,23,Bank Transfer,Electronics,India,0.237,0.209,2291,14,0,0
83.26,17,ATM,Grocery,Singapore,0.301,0.277,810,9,1,0
266.06,3,POS,Grocery,USA,0.054,0.192,1256,10,1,0
126.56,7,POS,Food,UAE,0.751,0.351,1300,15,1,0
339.48,9,Bank Transfer,Utilities,USA,0.357,0.107,765,8,1,0
62.86,4,POS,Food,India,0.196,0.366,1736,13,0,0
727.94,20,Online,Grocery,India,0.284,0.183,914,15,0,0
41.04,22,Online,Utilities,India,0.128,0.52,1583,14,0,0
30.99,5,POS,Entertainment,India,0.055,0.12,2381,12,0,0
19.88,0,Online,Travel,India,0.164,0.189,2256,11,0,0
686.1,6,Bank Transfer,Travel,India,0.154,0.254,678,8,0,0
151.33,13,ATM,Utilities,USA,0.167,0.664,2061,13,1,0
47.75,19,Online,Electronics,USA,0.482,0.323,2285,16,1,1
232.53,8,Online,Grocery,India,0.409,0.581,1681,15,0,0
132.65,6,Bank Transfer,Travel,India,0.149,0.407,2190,13,0,0
476.34,5,Online,Travel,India,0.035,0.297,1257,14,0,0
14.18,0,Online,Electronics,India,0.413,0.165,203,15,0,0
51.14,0,Online,Electronics,India,0.274,0.228,1729,17,0,0
41.99,10,POS,Food,India,0.495,0.324,2718,5,0,0
9.27,14,POS,Travel,India,0.495,0.27,1445,8,0,0
192.54,0,Bank Transfer,Food,UAE,0.212,0.269,1692,18,1,0
50.89,4,Online,Electronics,India,0.171,0.431,2020,14,0,0
139.72,21,POS,Utilities,India,0.192,0.266,2515,6,0,0
706.11,23,POS,Entertainment,India,0.362,0.14,1474,11,0,0
46.84,15,Bank Transfer,Travel,India,0.232,0.176,955,13,0,0
43.77,12,Online,Grocery,India,0.146,0.323,1890,12,0,0
75.09,13,Online,Food,UAE,0.157,0.058,2070,11,1,0
178.98,8,POS,Electronics,India,0.111,0.414,2010,11,0,0
37.84,4,Bank Transfer,Utilities,India,0.571,0.055,1807,16,0,0
35.48,9,Bank Transfer,Electronics,UAE,0.611,0.4,2999,15,1,0
191.94,16,Online,Travel,India,0.177,0.121,810,18,0,0
97.38,15,POS,Electronics,India,0.448,0.511,948,13,0,0
8.63,16,Online,Utilities,India,0.12,0.384,2554,8,0,0
19.58,14,ATM,Grocery,India,0.231,0.147,545,11,0,0
299.24,1,ATM,Utilities,UAE,0.376,0.506,2441,14,1,0
99.68,15,Bank Transfer,Travel,India,0.42,0.466,744,19,0,0
31.12,21,Online,Utilities,UK,0.335,0.747,2010,19,1,0
56.24,15,POS,Food,India,0.129,0.178,2561,10,0,0
67.57,13,Online,Food,UK,0.531,0.226,2604,27,1,0
139.18,5,ATM,Travel,Singapore,0.099,0.321,1812,9,1,0
17.15,19,POS,Entertainment,Singapore,0.318,0.058,657,12,1,0
28.76,10,POS,Food,Singapore,0.735,0.365,1015,13,1,0
87.62,6,ATM,Electronics,USA,0.18,0.227,2130,21,1,0
60.35,11,Online,Electronics,India,0.391,0.551,1914,16,0,0
118.14,2,ATM,Food,India,0.329,0.315,865,8,0,0
19.5,22,POS,Electronics,India,0.36,0.097,1716,17,0,0
95.31,16,POS,Utilities,India,0.31,0.405,2818,17,0,0
198.66,7,POS,Grocery,India,0.377,0.047,174,16,0,0
108.51,19,Online,Travel,USA,0.266,0.257,1694,13,1,0
76.64,1,ATM,Utilities,USA,0.326,0.133,1658,18,1,0
60.59,9,Online,Entertainment,UAE,0.407,0.308,2547,6,1,0
28.94,15,Online,Electronics,India,0.586,0.157,773,13,0,0
62.05,0,POS,Food,UK,0.38,0.617,539,12,1,0
235.03,17,ATM,Grocery,USA,0.188,0.066,1328,14,1,0
59.2,19,Bank Transfer,Travel,UAE,0.254,0.268,954,12,1,0
27.39,14,ATM,Utilities,UK,0.329,0.272,2665,12,1,0
40.76,4,POS,Food,India,0.202,0.348,2289,16,0,0
81.52,17,Online,Grocery,India,0.096,0.227,1178,8,0,0
45.9,8,POS,Entertainment,UAE,0.224,0.384,1076,15,1,0
108.34,17,POS,Electronics,USA,0.224,0.219,39,12,1,1
112.49,15,POS,Food,UK,0.125,0.369,270,17,1,0
162.22,2,POS,Utilities,UK,0.177,0.662,1669,8,1,0
276.87,2,POS,Utilities,USA,0.025,0.47,1971,18,1,0
180.52,0,ATM,Grocery,UK,0.186,0.211,2385,12,1,0
26.2,1,POS,Electronics,UAE,0.299,0.112,331,13,1,1
27.02,7,ATM,Travel,UAE,0.199,0.849,481,9,1,0
61.82,0,Bank Transfer,Utilities,India,0.211,0.401,1667,12,0,0
42.47,22,Online,Entertainment,India,0.702,0.164,265,22,0,0
21.36,21,Online,Food,India,0.355,0.444,2510,8,0,0
42.88,4,ATM,Grocery,India,0.29,0.707,1328,10,0,0
41.49,7,POS,Entertainment,Singapore,0.31,0.363,1751,9,1,0
34.06,17,Online,Food,Singapore,0.248,0.218,2341,15,1,0
48.63,15,Online,Travel,India,0.221,0.201,1502,15,0,0
216.69,13,ATM,Electronics,India,0.206,0.586,221,16,0,0
81.39,23,ATM,Electronics,India,0.115,0.111,686,13,0,0
789.82,15,ATM,Travel,Singapore,0.482,0.172,1042,10,1,0
79.08,16,Online,Utilities,India,0.152,0.46,489,7,0,0
49.9,12,Online,Utilities,India,0.362,0.35,1547,9,0,0
66.96,12,ATM,Grocery,India,0.03,0.414,56,7,0,0
86.18,6,Bank Transfer,Utilities,India,0.202,0.301,435,12,0,0
103.05,12,Online,Electronics,India,0.342,0.524,2402,8,0,0
532.04,22,Bank Transfer,Entertainment,Singapore,0.4,0.228,379,11,1,0
28.64,9,Bank Transfer,Entertainment,UAE,0.086,0.291,92,15,1,0
157.44,3,Online,Food,India,0.216,0.355,1341,9,0,0
82.08,14,POS,Entertainment,India,0.434,0.254,2576,10,0,0
13.86,18,POS,Entertainment,India,0.114,0.325,732,17,0,0
144.13,23,ATM,Utilities,India,0.122,0.449,1191,14,0,0
236.9,13,POS,Electronics,India,0.158,0.2,2285,11,0,0
28.3,18,Online,Entertainment,India,0.373,0.671,2730,9,0,0
66.09,6,Online,Utilities,India,0.304,0.475,897,6,0,0
11.88,10,Bank Transfer,Utilities,Singapore,0.343,0.286,469,8,1,0
18.94,10,ATM,Grocery,India,0.122,0.604,738,11,0,1
190.19,7,ATM,Electronics,UK,0.074,0.733,2430,12,1,0
41.83,17,Online,Food,India,0.579,0.134,1009,17,0,0
22.0,21,POS,Food,India,0.159,0.579,2596,8,0,0
83.89,7,Online,Food,India,0.061,0.052,1482,15,0,0
39.55,3,POS,Utilities,India,0.192,0.236,1254,14,0,0
41.64,19,Online,Food,India,0.393,0.293,2175,7,0,0
139.68,20,Bank Transfer,Entertainment,Singapore,0.392,0.524,2947,12,1,0
20.87,22,Online,Utilities,UAE,0.526,0.068,2247,15,1,0
26.97,6,Online,Grocery,India,0.12,0.276,634,7,0,0
77.8,17,Online,Food,India,0.411,0.549,974,11,0,0
175.81,17,ATM,Electronics,India,0.069,0.305,335,19,0,0
230.02,18,Online,Utilities,UK,0.065,0.063,1772,9,1,0
34.29,19,Online,Food,India,0.328,0.222,2914,19,0,0
170.27,22,POS,Food,India,0.277,0.517,944,8,0,0
30.44,11,Online,Entertainment,Singapore,0.497,0.268,769,13,1,0
414.14,1,POS,Travel,Singapore,0.113,0.252,2785,8,1,1
21.46,4,Online,Food,USA,0.594,0.497,86,15,1,0
251.76,21,ATM,Entertainment,India,0.396,0.459,635,20,0,0
34.59,20,POS,Entertainment,India,0.356,0.158,1180,8,0,0
499.32,0,Online,Travel,India,0.089,0.185,2815,11,0,0
120.46,8,POS,Utilities,USA,0.411,0.119,2973,11,1,0
24.14,5,POS,Grocery,UK,0.533,0.38,2681,9,1,0
39.56,7,POS,Travel,India,0.223,0.186,2522,9,0,0
145.65,15,POS,Utilities,Singapore,0.583,0.03,88,10,1,0
191.07,12,Bank Transfer,Food,India,0.081,0.034,289,11,0,0
62.13,11,Bank Transfer,Food,UK,0.111,0.489,2679,11,1,0
69.73,10,ATM,Food,India,0.133,0.293,1080,17,0,0
142.36,15,Online,Utilities,India,0.074,0.158,486,15,0,0
76.08,16,ATM,Travel,India,0.54,0.262,1609,11,0,0
18.29,1,Bank Transfer,Travel,USA,0.081,0.421,2761,15,1,0
29.58,3,Online,Electronics,India,0.145,0.231,2389,12,0,0
84.36,8,POS,Utilities,India,0.102,0.442,1255,7,0,0
224.86,10,ATM,Food,UK,0.505,0.379,577,11,1,0
335.62,23,Bank Transfer,Entertainment,USA,0.381,0.343,2299,16,1,0
145.41,21,POS,Entertainment,India,0.137,0.254,273,8,0,0
88.88,15,Online,Utilities,USA,0.13,0.167,344,12,1,0
141.01,0,Online,Electronics,USA,0.515,0.183,2201,18,1,0
34.24,2,Online,Electronics,India,0.248,0.336,555,13,0,0
57.21,10,ATM,Grocery,India,0.163,0.692,65,11,0,0
29.25,14,Online,Grocery,India,0.544,0.429,2973,15,0,0
19.13,15,Bank Transfer,Electronics,India,0.04,0.289,1547,10,0,0
93.09,3,ATM,Entertainment,India,0.094,0.43,2351,14,0,0
80.28,21,POS,Utilities,India,0.117,0.373,2119,12,0,0
132.64,11,ATM,Electronics,India,0.135,0.106,2472,7,0,0
115.14,14,ATM,Food,India,0.17,0.151,2001,12,0,0
85.0,0,Online,Entertainment,UK,0.193,0.038,2130,16,1,0
116.35,19,Online,Travel,USA,0.518,0.457,1530,13,1,0
63.9,13,ATM,Grocery,India,0.266,0.211,483,9,0,0
100.78,5,Online,Utilities,UAE,0.076,0.246,2344,14,1,0
32.26,7,POS,Food,India,0.231,0.19,1452,9,0,0
96.52,8,POS,Grocery,India,0.111,0.23,1770,7,0,0
130.11,0,POS,Travel,India,0.146,0.307,911,16,0,0
34.13,22,Online,Travel,India,0.547,0.284,2470,13,0,0
70.23,19,POS,Travel,India,0.336,0.231,2265,7,0,0
35.74,21,Online,Electronics,Singapore,0.525,0.299,1742,12,1,0
39.39,8,Online,Entertainment,India,0.237,0.133,545,21,0,0
21.65,13,ATM,Entertainment,India,0.056,0.049,1297,10,0,0
236.46,10,Online,Utilities,India,0.104,0.24,775,12,0,0
193.58,11,Bank Transfer,Utilities,India,0.519,0.2,1793,11,0,0
114.14,14,Bank Transfer,Travel,USA,0.435,0.16,205,7,1,0
479.24,10,POS,Grocery,USA,0.366,0.153,1275,10,1,0
55.19,18,Online,Grocery,UK,0.44,0.138,2941,18,1,0
1382.66,1,POS,Entertainment,India,0.35,0.274,629,12,0,0
53.12,4,ATM,Electronics,India,0.259,0.379,1481,8,0,0
86.07,21,Online,Entertainment,India,0.27,0.482,1414,9,0,0
44.8,21,POS,Electronics,USA,0.064,0.419,2600,17,1,0
96.77,19,POS,Utilities,India,0.314,0.238,2844,8,0,0
153.79,8,Online,Food,India,0.177,0.166,2504,15,0,0
59.51,10,ATM,Utilities,India,0.017,0.113,1764,9,0,0
394.15,0,ATM,Travel,USA,0.217,0.268,1260,23,1,0
84.7,6,POS,Entertainment,India,0.306,0.295,2185,15,0,0
87.4,17,POS,Food,UAE,0.27,0.397,153,9,1,0
26.87,8,Online,Travel,India,0.609,0.224,1972,19,0,0
101.34,11,Online,Travel,India,0.382,0.446,939,14,0,0
58.32,2,POS,Travel,India,0.476,0.132,1384,10,0,0
36.3,11,POS,Grocery,India,0.588,0.394,1948,16,0,0
30.68,17,Bank Transfer,Utilities,India,0.161,0.206,1222,8,0,1
964.65,13,Online,Travel,USA,0.51,0.361,888,17,1,1
51.24,13,ATM,Food,India,0.151,0.093,595,14,0,0
15.53,21,Online,Food,India,0.137,0.518,1208,11,0,0
33.17,5,Online,Food,India,0.31,0.584,47,14,0,0
63.33,7,Online,Food,India,0.259,0.369,2583,8,0,0
115.2,14,POS,Utilities,UAE,0.553,0.39,2589,7,1,0
116.14,11,POS,Utilities,India,0.176,0.078,2037,10,0,0
131.19,23,Bank Transfer,Utilities,UK,0.158,0.43,833,9,1,0
34.99,1,Bank Transfer,Electronics,India,0.195,0.085,2297,12,0,0
93.73,2,ATM,Entertainment,India,0.054,0.148,1775,6,0,0
27.77,8,POS,Travel,UK,0.046,0.335,794,11,1,0
35.89,11,POS,Utilities,India,0.259,0.394,1387,13,0,0
26.64,21,POS,Travel,Singapore,0.607,0.476,241,10,1,0
20.32,11,Bank Transfer,Grocery,India,0.078,0.201,328,10,0,0
193.29,10,ATM,Entertainment,India,0.285,0.096,1131,12,0,0
132.77,4,Online,Entertainment,UAE,0.553,0.211,107,7,1,0
177.09,10,Bank Transfer,Grocery,India,0.14,0.302,2608,13,0,0
69.36,12,POS,Utilities,UAE,0.17,0.114,2824,10,1,0
145.01,14,Online,Grocery,UAE,0.404,0.453,987,15,1,0
11.46,14,POS,Grocery,India,0.329,0.139,1086,14,0,0
158.08,10,POS,Utilities,India,0.155,0.352,2309,15,0,0
79.61,3,Bank Transfer,Travel,UK,0.255,0.587,943,14,1,0
124.85,3,Bank Transfer,Travel,India,0.373,0.366,2357,12,0,0
97.52,3,POS,Entertainment,USA,0.481,0.423,255,6,1,0
24.85,14,POS,Food,India,0.159,0.128,1600,7,0,0
14.91,20,Online,Food,India,0.13,0.266,9,8,0,0
32.72,21,POS,Utilities,India,0.383,0.227,2179,10,0,0
117.32,7,Online,Grocery,USA,0.6,0.636,2171,10,1,1
132.97,1,Online,Utilities,USA,0.371,0.346,1380,9,1,0
16.98,15,POS,Travel,India,0.349,0.225,2660,18,0,0
25.0,0,POS,Food,India,0.051,0.077,1994,12,0,0
32.35,15,POS,Travel,India,0.163,0.457,764,12,0,0
46.65,9,Bank Transfer,Travel,India,0.144,0.211,1771,12,0,0
17.08,20,Online,Travel,India,0.283,0.343,1342,20,0,0
16.09,15,Online,Food,India,0.53,0.588,2096,7,0,0
29.32,17,POS,Utilities,India,0.37,0.233,1862,7,0,0
72.69,9,ATM,Grocery,India,0.507,0.321,2337,14,0,0
20.48,20,POS,Food,India,0.51,0.414,501,9,0,0
59.39,12,POS,Utilities,USA,0.584,0.072,67,18,1,0
192.2,15,ATM,Entertainment,India,0.103,0.08,1111,11,0,0
18.14,8,ATM,Utilities,UAE,0.203,0.14,218,11,1,0
54.25,10,POS,Grocery,India,0.287,0.299,1469,4,0,0
185.82,20,Online,Electronics,India,0.237,0.192,1075,15,0,0
43.89,9,Bank Transfer,Electronics,Singapore,0.346,0.065,1934,9,1,0
37.57,0,POS,Food,India,0.329,0.376,2030,13,0,0
213.47,9,POS,Travel,UK,0.291,0.292,2945,10,1,0
49.1,9,Online,Travel,India,0.17,0.391,35,16,0,0
201.24,10,POS,Utilities,India,0.073,0.357,1491,12,0,0
102.41,1,Online,Travel,USA,0.151,0.106,2395,12,1,1
47.33,3,Online,Utilities,India,0.12,0.162,772,14,0,0
107.74,7,Online,Grocery,India,0.183,0.274,2590,18,0,0
91.88,10,Online,Electronics,India,0.204,0.308,1960,13,0,0
185.1,0,Online,Food,India,0.269,0.293,1482,12,0,0
38.54,9,ATM,Utilities,India,0.127,0.094,345,14,0,0
69.49,7,POS,Entertainment,UK,0.248,0.318,1707,12,1,0
62.71,0,POS,Grocery,India,0.304,0.124,17,13,0,0
134.85,6,Online,Entertainment,UAE,0.22,0.353,936,10,1,0
23.92,6,POS,Travel,India,0.266,0.254,1129,14,0,0
184.38,3,POS,Utilities,India,0.433,0.111,256,10,0,0
106.31,18,POS,Entertainment,India,0.446,0.12,209,14,0,0
17.87,1,ATM,Travel,USA,0.296,0.381,2666,17,1,0
223.24,13,POS,Electronics,UK,0.327,0.44,1432,8,1,0
622.72,15,ATM,Entertainment,India,0.152,0.242,277,17,0,0
181.6,19,ATM,Utilities,India,0.299,0.298,981,14,0,0
277.82,13,Online,Food,USA,0.189,0.158,1785,9,1,0
72.63,13,POS,Travel,India,0.279,0.322,2682,12,0,0
12.66,18,ATM,Electronics,India,0.763,0.724,1338,19,0,0
10.55,20,POS,Entertainment,USA,0.432,0.344,535,6,1,0
86.06,5,Bank Transfer,Food,India,0.59,0.465,1447,12,0,1
36.89,19,ATM,Travel,USA,0.541,0.096,2081,16,1,0
26.72,11,POS,Travel,USA,0.317,0.274,386,17,1,0
62.63,2,ATM,Travel,India,0.441,0.115,1894,12,0,0
123.42,14,Online,Electronics,India,0.15,0.07,1034,12,0,0
15.6,23,Online,Electronics,India,0.332,0.159,2985,13,0,0
42.57,3,Online,Food,UK,0.25,0.504,1315,7,1,0
301.83,0,Online,Utilities,India,0.067,0.209,1707,8,0,0
22.75,21,ATM,Food,India,0.46,0.175,2120,13,0,0
159.14,14,Bank Transfer,Food,India,0.608,0.23,2422,7,0,0
41.07,5,POS,Electronics,India,0.205,0.268,166,11,0,0
115.1,19,Online,Food,India,0.173,0.197,1054,6,0,0
199.8,9,Online,Utilities,India,0.378,0.263,35,8,0,0
139.95,7,Online,Grocery,India,0.544,0.53,217,10,0,0
165.53,6,Online,Electronics,India,0.076,0.385,1429,20,0,0
21.08,14,Online,Grocery,India,0.17,0.326,1214,8,0,0
203.09,3,ATM,Travel,India,0.388,0.761,2166,8,0,0
28.43,8,POS,Grocery,India,0.137,0.248,2017,15,0,0
86.45,7,POS,Food,India,0.225,0.348,2769,18,0,0
86.34,1,Online,Entertainment,India,0.096,0.453,763,13,0,0
108.32,18,POS,Utilities,India,0.413,0.521,1643,16,0,0
93.41,0,POS,Travel,UAE,0.228,0.415,417,9,1,0
28.68,23,POS,Entertainment,India,0.289,0.302,1277,10,0,0
17.29,2,Online,Travel,India,0.198,0.353,315,6,0,1
159.55,8,Bank Transfer,Travel,India,0.178,0.315,2744,15,0,0
80.31,2,Online,Food,USA,0.461,0.1,1587,8,1,0
210.48,8,POS,Entertainment,India,0.366,0.234,218,4,0,0
63.77,14,ATM,Food,UAE,0.082,0.53,1005,11,1,0
16.36,2,POS,Grocery,India,0.462,0.493,2311,11,0,0
175.24,12,Bank Transfer,Electronics,India,0.044,0.319,2291,11,0,0
46.05,18,Online,Travel,India,0.39,0.503,2240,9,0,0
93.88,10,POS,Grocery,USA,0.184,0.249,1916,10,1,0
34.9,2,Online,Grocery,India,0.106,0.163,2953,16,0,0
345.26,16,POS,Electronics,UAE,0.19,0.224,2813,18,1,0
27.76,4,ATM,Grocery,UAE,0.206,0.463,1205,12,1,0
47.59,0,POS,Entertainment,India,0.229,0.243,2940,8,0,0
74.25,10,Bank Transfer,Grocery,India,0.338,0.397,2054,15,0,0
22.37,6,ATM,Travel,India,0.164,0.229,2,16,0,0
92.81,0,Bank Transfer,Utilities,India,0.261,0.053,2237,9,0,0
334.26,18,Bank Transfer,Entertainment,India,0.319,0.061,706,9,0,0
40.83,14,POS,Food,India,0.092,0.024,2579,9,0,0
99.0,21,Online,Grocery,UAE,0.546,0.382,725,11,1,0
4.27,11,ATM,Grocery,India,0.417,0.137,1440,12,0,0
64.14,10,Online,Utilities,UK,0.367,0.134,2637,7,1,0
48.76,20,POS,Entertainment,Singapore,0.056,0.635,2354,14,1,0
29.41,1,POS,Utilities,India,0.05,0.247,398,12,0,0
196.65,8,POS,Entertainment,India,0.638,0.167,2927,9,0,0
48.12,19,Bank Transfer,Grocery,India,0.113,0.149,1253,18,0,0
55.84,7,Online,Entertainment,UAE,0.3,0.456,1592,8,1,0
45.73,21,Online,Electronics,India,0.199,0.169,160,12,0,0
9.81,6,Bank Transfer,Entertainment,Singapore,0.519,0.314,86,16,1,0
21.5,9,POS,Electronics,India,0.509,0.298,1434,15,0,0
174.36,21,ATM,Entertainment,India,0.311,0.436,1069,14,0,0
8.09,5,POS,Utilities,UAE,0.513,0.265,116,10,1,0
30.99,23,POS,Utilities,India,0.506,0.25,263,16,0,0
44.71,1,POS,Food,USA,0.081,0.205,2174,9,1,0
381.31,6,POS,Travel,India,0.307,0.101,1765,8,0,0
143.83,14,Online,Food,India,0.147,0.315,1554,13,0,0
38.2,14,Online,Electronics,India,0.102,0.185,1703,8,0,0
245.8,21,POS,Travel,India,0.4,0.647,2994,14,0,0
31.8,23,POS,Entertainment,USA,0.278,0.33,1385,11,1,0
182.93,16,Online,Grocery,India,0.42,0.576,2958,15,0,0
17.13,15,POS,Electronics,India,0.053,0.251,898,15,0,0
195.05,7,ATM,Entertainment,India,0.236,0.277,2353,12,0,0
44.43,19,Bank Transfer,Utilities,India,0.554,0.201,1887,9,0,0
23.84,15,ATM,Food,UK,0.245,0.644,878,10,1,0
53.67,0,Online,Utilities,India,0.297,0.296,352,10,0,0
88.0,19,Online,Entertainment,UAE,0.066,0.133,337,3,1,0
40.66,8,Online,Travel,India,0.289,0.344,1964,17,0,0
116.04,11,Bank Transfer,Utilities,India,0.065,0.299,470,9,0,0
37.23,11,Bank Transfer,Electronics,India,0.474,0.115,1862,8,0,0
124.01,19,Online,Food,India,0.266,0.477,2070,13,0,0
103.77,6,Online,Travel,USA,0.156,0.195,2215,10,1,0
62.74,9,ATM,Food,UK,0.643,0.382,404,10,1,0
42.89,0,POS,Entertainment,India,0.421,0.302,369,11,0,0
77.6,8,Online,Utilities,UAE,0.32,0.156,852,9,1,0
115.61,2,Online,Utilities,India,0.302,0.351,1461,8,0,0
524.16,13,ATM,Entertainment,USA,0.139,0.549,278,15,1,1
170.62,21,Online,Food,India,0.638,0.513,1472,10,0,0
176.97,11,POS,Utilities,USA,0.151,0.394,155,13,1,0
1463.39,21,POS,Grocery,India,0.154,0.153,421,10,0,0
111.72,23,Online,Utilities,UAE,0.269,0.402,1168,12,1,0
108.27,1,Bank Transfer,Travel,UAE,0.259,0.557,1721,10,1,0
134.83,12,Bank Transfer,Electronics,India,0.255,0.195,1245,11,0,0
24.31,12,Online,Utilities,India,0.47,0.203,2122,12,0,0
42.78,9,POS,Entertainment,India,0.192,0.462,576,13,0,0
40.2,19,ATM,Utilities,India,0.046,0.247,289,6,0,0
127.44,9,ATM,Entertainment,India,0.505,0.229,2760,11,0,0
56.03,1,Online,Food,India,0.364,0.374,1308,9,0,0
76.57,13,Online,Travel,Singapore,0.365,0.352,1823,8,1,0
197.84,4,POS,Utilities,India,0.677,0.136,2154,12,0,0
158.09,8,ATM,Food,India,0.201,0.286,876,13,0,0
56.73,12,Online,Entertainment,UAE,0.336,0.226,195,15,1,0
34.12,17,Online,Electronics,India,0.095,0.197,2504,13,0,0
207.53,6,Bank Transfer,Utilities,India,0.495,0.252,2050,9,0,0
144.59,9,Online,Electronics,UAE,0.247,0.35,1659,7,1,0
13.38,1,Bank Transfer,Travel,India,0.102,0.181,2600,13,0,0
48.76,9,Online,Travel,India,0.248,0.163,1336,11,0,0
78.69,13,Online,Entertainment,India,0.396,0.055,147,15,0,0
145.3,14,Bank Transfer,Entertainment,UK,0.351,0.55,2254,7,1,0
165.69,7,Bank Transfer,Travel,India,0.186,0.559,2412,9,0,0
88.58,1,Bank Transfer,Entertainment,India,0.475,0.334,1101,4,0,0
119.73,13,ATM,Utilities,India,0.349,0.738,597,11,0,0
71.1,15,Online,Food,India,0.224,0.316,2409,10,0,0
33.99,2,POS,Utilities,India,0.303,0.037,170,14,0,0
51.35,12,Online,Grocery,India,0.53,0.348,13,13,0,0
67.96,2,Bank Transfer,Electronics,UAE,0.293,0.26,2503,12,1,0
64.41,10,Online,Food,India,0.39,0.173,739,8,0,0
10.12,15,ATM,Electronics,Singapore,0.157,0.461,2362,14,1,0
44.81,17,Bank Transfer,Grocery,UAE,0.092,0.146,1591,9,1,0
70.54,17,Bank Transfer,Electronics,UAE,0.498,0.32,2796,16,1,0
50.33,18,Bank Transfer,Electronics,USA,0.539,0.1,2509,8,1,0
52.1,5,Online,Travel,India,0.409,0.236,1449,8,0,0
108.63,20,Online,Electronics,UK,0.06,0.495,2231,14,1,0
22.67,8,Bank Transfer,Electronics,India,0.136,0.443,489,10,0,0
13.09,8,POS,Utilities,India,0.537,0.255,2802,16,0,0
47.08,18,POS,Electronics,India,0.154,0.101,2751,10,0,0
143.18,7,Bank Transfer,Electronics,India,0.388,0.651,783,12,0,0
360.52,1,Online,Electronics,India,0.561,0.162,1565,8,0,0
145.78,17,Online,Food,UK,0.031,0.244,2767,12,1,0
15.36,15,POS,Travel,India,0.173,0.221,980,22,0,0
52.86,13,Online,Utilities,India,0.181,0.184,345,14,0,0
86.2,3,Bank Transfer,Electronics,India,0.221,0.243,2941,11,0,0
79.65,15,Online,Electronics,Singapore,0.143,0.23,597,9,1,0
114.35,4,Online,Grocery,India,0.234,0.493,473,15,0,0
26.65,13,Online,Utilities,India,0.433,0.308,1401,12,0,0
71.16,12,Bank Transfer,Electronics,UK,0.448,0.294,1387,12,1,0
101.53,18,Bank Transfer,Grocery,Singapore,0.383,0.339,633,13,1,0
152.27,23,Online,Travel,India,0.295,0.357,2645,20,0,0
29.79,4,Online,Electronics,India,0.398,0.478,95,14,0,0
47.22,2,POS,Entertainment,India,0.651,0.066,2763,12,0,0
4.46,13,Online,Grocery,UAE,0.525,0.113,1918,19,1,0
35.82,22,POS,Grocery,India,0.537,0.018,789,19,0,0
39.47,3,Online,Food,USA,0.68,0.072,1223,13,1,0
24.06,11,Online,Electronics,India,0.529,0.388,243,17,0,0
78.7,9,POS,Utilities,India,0.433,0.144,2768,13,0,0
63.06,7,POS,Entertainment,India,0.141,0.14,2115,11,0,0
6.96,15,POS,Food,India,0.105,0.209,2951,11,0,0
82.72,7,POS,Electronics,USA,0.223,0.386,131,4,1,0
26.36,11,ATM,Food,UK,0.422,0.242,2776,11,1,0
108.38,20,POS,Food,India,0.408,0.255,2499,12,0,0
18.51,9,POS,Travel,Singapore,0.198,0.292,1549,11,1,0
68.72,0,Bank Transfer,Electronics,India,0.129,0.501,1852,10,0,0
50.24,21,POS,Utilities,India,0.148,0.368,925,13,0,0
90.3,6,Bank Transfer,Food,India,0.482,0.111,1527,13,0,0
75.54,18,Online,Electronics,India,0.18,0.401,2865,12,0,0
51.67,18,ATM,Entertainment,Singapore,0.305,0.352,2440,12,1,0
14.35,12,Online,Travel,India,0.156,0.474,1121,12,0,0
15.22,2,POS,Travel,UAE,0.252,0.239,1651,11,1,0
37.19,22,ATM,Utilities,India,0.173,0.166,1137,14,0,0
66.14,16,ATM,Entertainment,USA,0.405,0.373,1044,20,1,0
36.3,10,POS,Electronics,India,0.325,0.247,1905,18,0,0
124.61,20,ATM,Utilities,India,0.148,0.248,1253,20,0,0
50.44,18,Online,Electronics,UAE,0.445,0.317,1902,10,1,0
25.41,18,Bank Transfer,Entertainment,India,0.063,0.558,2911,9,0,0
50.5,4,ATM,Grocery,India,0.441,0.406,314,15,0,0
83.58,15,POS,Entertainment,UK,0.293,0.508,1212,12,1,0
92.29,6,Bank Transfer,Travel,USA,0.329,0.254,575,17,1,0
436.32,1,Bank Transfer,Travel,India,0.347,0.368,200,9,0,0
34.16,8,ATM,Entertainment,USA,0.151,0.154,1,18,1,0
61.96,2,POS,Travel,USA,0.233,0.335,1118,12,1,0
102.12,2,ATM,Electronics,UK,0.182,0.099,297,18,1,0
65.14,17,Online,Utilities,India,0.092,0.31,2159,14,0,0
40.42,12,POS,Utilities,India,0.08,0.041,1028,11,0,0
14.16,9,Bank Transfer,Electronics,UAE,0.102,0.055,657,12,1,0
40.01,4,Online,Grocery,India,0.224,0.249,2845,7,0,0
22.79,18,Bank Transfer,Travel,India,0.324,0.162,1879,12,0,0
11.86,15,Online,Food,UAE,0.246,0.314,2398,13,1,0
30.09,14,POS,Electronics,India,0.479,0.365,2308,10,0,0
23.4,4,Bank Transfer,Entertainment,India,0.402,0.137,684,9,0,0
119.56,2,Online,Utilities,UK,0.419,0.273,1884,17,1,0
121.64,2,Online,Food,USA,0.123,0.242,349,12,1,0
27.01,0,Online,Food,UAE,0.552,0.451,1596,11,1,1
51.41,23,POS,Food,USA,0.39,0.495,2996,18,1,0
10.4,8,Online,Travel,India,0.107,0.21,632,13,0,0
40.68,15,Online,Food,India,0.191,0.514,2160,11,0,0
99.38,23,Bank Transfer,Utilities,India,0.471,0.278,158,10,0,0
152.16,22,Bank Transfer,Entertainment,UAE,0.065,0.176,1570,9,1,0
32.69,7,ATM,Entertainment,India,0.379,0.118,378,18,0,0
190.92,11,POS,Utilities,India,0.293,0.261,2935,13,0,0
14.65,11,ATM,Electronics,India,0.38,0.28,1338,11,0,0
19.15,0,POS,Electronics,India,0.365,0.666,2862,15,0,0
135.59,18,ATM,Utilities,India,0.06,0.515,2707,14,0,0
354.65,13,Online,Electronics,India,0.513,0.424,348,18,0,0
109.23,8,Bank Transfer,Entertainment,India,0.312,0.416,1517,13,0,0
64.05,13,Online,Food,UAE,0.424,0.408,1908,13,1,0
7.42,17,POS,Grocery,UAE,0.077,0.095,1291,9,1,0
8.82,0,Bank Transfer,Travel,India,0.214,0.347,2070,7,0,0
75.9,15,Online,Travel,Singapore,0.122,0.385,1337,16,1,0
46.62,20,Bank Transfer,Travel,India,0.583,0.469,2591,13,0,0
22.07,17,Bank Transfer,Entertainment,India,0.492,0.248,1890,14,0,0
71.2,14,Online,Utilities,India,0.152,0.091,1496,9,0,0
74.82,2,Online,Utilities,UK,0.355,0.497,2566,6,1,0
171.47,17,Online,Travel,USA,0.073,0.258,2039,9,1,0
76.45,18,ATM,Electronics,India,0.154,0.016,812,11,0,0
227.78,11,Bank Transfer,Travel,USA,0.463,0.215,1064,9,1,1
67.22,13,POS,Grocery,USA,0.046,0.406,279,7,1,0
59.42,14,ATM,Food,USA,0.256,0.62,1204,10,1,0
193.31,2,POS,Utilities,India,0.262,0.368,1699,14,0,0
25.07,6,Online,Grocery,UK,0.526,0.344,1690,8,1,0
1112.59,19,ATM,Food,India,0.181,0.363,2375,10,0,0
97.05,23,Bank Transfer,Grocery,India,0.704,0.237,643,11,0,0
97.6,6,Online,Utilities,UK,0.235,0.328,1187,10,1,0
112.74,9,Online,Grocery,India,0.116,0.244,2376,14,0,0
435.78,21,POS,Electronics,USA,0.011,0.432,2191,16,1,0
147.31,3,POS,Grocery,USA,0.367,0.096,1492,19,1,0
13.4,6,Online,Electronics,India,0.24,0.35,2366,16,0,0
271.37,1,Bank Transfer,Electronics,India,0.062,0.356,2554,12,0,0
47.42,5,Online,Food,USA,0.334,0.231,1281,17,1,0
74.23,15,POS,Entertainment,Singapore,0.199,0.181,2360,11,1,0
18.56,8,ATM,Utilities,Singapore,0.352,0.627,673,11,1,0
112.87,23,POS,Electronics,India,0.15,0.313,1686,15,0,0
34.77,21,POS,Utilities,India,0.251,0.205,748,11,0,0
73.71,21,Bank Transfer,Electronics,India,0.269,0.028,2063,15,0,0
50.19,17,POS,Grocery,UK,0.253,0.451,1099,9,1,0
457.15,16,Online,Food,India,0.348,0.32,2544,12,0,0
484.08,12,Online,Entertainment,USA,0.27,0.35,2738,8,1,0
69.86,23,POS,Travel,India,0.306,0.134,1016,15,0,0
71.09,2,POS,Food,India,0.179,0.507,104,9,0,0
45.9,17,POS,Electronics,India,0.116,0.402,2187,11,0,0
201.54,3,POS,Grocery,India,0.089,0.489,2742,12,0,0
47.99,8,Bank Transfer,Electronics,India,0.455,0.065,2771,11,0,0
43.76,6,Online,Electronics,India,0.128,0.121,696,12,0,0
177.43,14,Online,Electronics,UK,0.103,0.04,94,16,1,0
38.93,18,Online,Utilities,India,0.878,0.306,230,9,0,0
64.22,1,Bank Transfer,Electronics,UK,0.316,0.305,1498,7,1,0
13.72,14,POS,Food,India,0.596,0.21,814,15,0,0
134.85,5,Bank Transfer,Grocery,India,0.241,0.512,435,11,0,0
464.46,1,POS,Travel,USA,0.054,0.504,598,10,1,0
137.17,10,Bank Transfer,Utilities,India,0.023,0.387,1157,16,0,0
287.67,13,POS,Utilities,India,0.5,0.137,162,8,0,0
28.61,4,POS,Utilities,India,0.094,0.573,2486,10,0,0
84.46,9,Online,Grocery,India,0.177,0.116,2866,12,0,0
25.97,22,POS,Utilities,UAE,0.205,0.155,597,14,1,0
53.1,8,ATM,Travel,India,0.438,0.316,1727,12,0,0
144.35,23,Online,Grocery,India,0.294,0.121,108,18,0,0
73.83,20,Online,Grocery,UK,0.153,0.419,255,11,1,0
16.24,8,POS,Entertainment,India,0.136,0.338,854,16,0,0
17.9,13,ATM,Food,UAE,0.048,0.245,2541,10,1,0
16.76,17,POS,Food,India,0.577,0.308,2338,14,0,0
109.01,11,Bank Transfer,Utilities,India,0.241,0.393,2133,12,0,0
525.26,9,ATM,Grocery,India,0.024,0.373,323,11,0,0
260.46,7,Online,Grocery,India,0.369,0.364,650,16,0,0
10.01,3,Bank Transfer,Utilities,India,0.23,0.25,1759,15,0,0
276.19,0,Online,Food,India,0.671,0.139,1108,9,0,0
170.1,8,Online,Entertainment,India,0.413,0.38,2227,9,0,0
14.22,19,POS,Food,India,0.14,0.161,1658,14,0,0
49.24,5,Online,Grocery,India,0.347,0.385,1711,13,0,0
199.44,4,Online,Food,India,0.153,0.261,1727,13,0,0
115.63,7,POS,Utilities,India,0.412,0.067,2804,13,0,0
18.01,14,ATM,Grocery,India,0.341,0.061,1667,11,0,0
122.82,5,POS,Grocery,India,0.123,0.238,2272,11,0,0
7.87,5,Online,Electronics,India,0.506,0.034,1456,11,0,0
53.37,2,POS,Electronics,India,0.246,0.273,265,7,0,0
208.09,7,Online,Food,India,0.108,0.139,1625,13,0,0
67.92,5,Bank Transfer,Grocery,UAE,0.18,0.394,2567,9,1,0
40.49,19,POS,Utilities,India,0.04,0.489,2280,18,0,0
162.28,21,Online,Grocery,India,0.313,0.325,1644,16,0,0
176.75,8,Online,Travel,USA,0.145,0.384,2868,12,1,0
247.16,2,Bank Transfer,Utilities,India,0.204,0.139,2903,8,0,0
159.87,2,POS,Electronics,India,0.143,0.596,2827,11,0,0
196.64,7,ATM,Food,UK,0.347,0.071,2955,12,1,0
138.78,11,Online,Electronics,USA,0.116,0.488,998,20,1,0
86.97,12,Online,Travel,UAE,0.257,0.335,492,23,1,0
72.93,7,Online,Food,UAE,0.675,0.456,1327,14,1,0
52.6,8,Online,Entertainment,India,0.345,0.217,746,17,0,0
19.84,6,Online,Grocery,USA,0.156,0.149,481,15,1,0
25.65,12,POS,Utilities,India,0.125,0.494,1960,10,0,0
50.3,16,Online,Travel,Singapore,0.211,0.121,331,17,1,0
84.9,1,Online,Utilities,India,0.474,0.385,168,16,0,0
281.69,11,Online,Utilities,India,0.451,0.278,554,15,0,0
63.96,15,POS,Utilities,India,0.731,0.258,1203,14,0,0
181.9,16,Online,Food,India,0.162,0.246,1979,6,0,0
196.24,13,Online,Utilities,India,0.117,0.103,2965,15,0,0
52.91,12,Online,Utilities,UK,0.319,0.535,1874,10,1,0
120.87,16,Bank Transfer,Food,India,0.089,0.498,1578,14,0,0
52.27,9,Online,Utilities,UK,0.45,0.233,886,11,1,0
250.17,13,Online,Electronics,India,0.514,0.424,994,10,0,0
125.94,7,POS,Utilities,India,0.204,0.09,1855,12,0,0
20.28,10,Bank Transfer,Utilities,India,0.225,0.136,557,9,0,0
78.38,2,POS,Food,India,0.266,0.707,236,10,0,0
346.58,8,Online,Grocery,India,0.279,0.247,2250,9,0,0
55.63,3,POS,Travel,India,0.377,0.435,2949,5,0,0
104.35,5,POS,Travel,India,0.129,0.219,2790,7,0,0
115.11,10,ATM,Food,UK,0.435,0.157,2019,8,1,1
23.65,12,POS,Electronics,India,0.525,0.408,2773,18,0,0
111.13,22,POS,Entertainment,USA,0.209,0.071,2273,16,1,0
16.55,0,POS,Travel,USA,0.309,0.617,196,16,1,0
35.67,21,Bank Transfer,Grocery,India,0.299,0.514,1170,9,0,0
195.53,7,ATM,Food,Singapore,0.588,0.375,228,12,1,0
95.27,17,Bank Transfer,Grocery,UK,0.328,0.338,780,10,1,0
49.18,16,Bank Transfer,Utilities,UK,0.059,0.096,2971,13,1,0
104.22,23,Bank Transfer,Grocery,UK,0.713,0.161,2477,8,1,0
62.8,2,Online,Electronics,India,0.187,0.15,2859,12,0,0
67.53,23,POS,Utilities,UAE,0.128,0.215,1443,13,1,0
128.61,1,POS,Food,India,0.303,0.187,659,9,0,0
32.22,21,POS,Entertainment,India,0.293,0.398,1137,16,0,0
69.43,15,ATM,Electronics,USA,0.113,0.328,593,10,1,0
48.8,11,POS,Entertainment,India,0.14,0.107,2896,10,0,0
13.66,9,POS,Entertainment,India,0.435,0.266,1769,10,0,0
26.56,2,Online,Food,India,0.429,0.391,146,11,0,0
319.96,19,POS,Grocery,India,0.071,0.434,952,15,0,0
97.98,17,POS,Utilities,Singapore,0.068,0.308,1494,10,1,0
17.75,22,POS,Grocery,India,0.402,0.037,2154,8,0,0
14.29,17,Online,Electronics,India,0.159,0.307,2689,10,0,0
59.61,22,POS,Food,USA,0.114,0.463,618,9,1,0
317.73,21,POS,Entertainment,UK,0.347,0.447,2117,16,1,0
55.33,10,POS,Food,Singapore,0.203,0.102,2418,9,1,0
246.41,16,ATM,Electronics,India,0.174,0.132,2342,13,0,0
94.82,6,POS,Electronics,Singapore,0.218,0.735,847,14,1,0
106.83,19,POS,Utilities,India,0.262,0.352,1017,9,0,0
17.54,14,Bank Transfer,Electronics,UK,0.175,0.275,418,13,1,0
170.29,10,Bank Transfer,Utilities,India,0.263,0.183,1745,21,0,0
47.71,15,POS,Grocery,India,0.455,0.08,1027,9,0,0
158.08,6,POS,Food,India,0.641,0.194,1240,7,0,0
29.54,14,POS,Entertainment,India,0.358,0.327,60,14,0,0
79.6,11,ATM,Entertainment,India,0.33,0.316,2833,15,0,0
94.82,7,POS,Electronics,India,0.309,0.233,1935,7,0,0
57.17,23,Bank Transfer,Entertainment,USA,0.419,0.274,715,15,1,0
99.94,1,ATM,Electronics,India,0.356,0.227,204,7,0,0
51.09,18,Online,Food,India,0.121,0.184,1170,15,0,0
34.85,5,POS,Utilities,India,0.491,0.282,443,13,0,0
332.12,5,Bank Transfer,Entertainment,Singapore,0.139,0.03,565,4,1,0
190.37,3,ATM,Entertainment,India,0.203,0.19,2380,12,0,0
31.16,2,ATM,Utilities,India,0.462,0.18,160,12,0,0
117.74,2,POS,Travel,UAE,0.516,0.217,1517,16,1,0
31.73,19,ATM,Food,USA,0.283,0.474,2318,8,1,0
20.4,22,ATM,Food,India,0.272,0.312,1779,11,0,0
187.51,14,Bank Transfer,Entertainment,India,0.274,0.482,396,13,0,0
12.13,0,Online,Grocery,UAE,0.165,0.442,844,14,1,0
168.49,20,Online,Entertainment,India,0.142,0.077,518,9,0,0
51.79,14,Online,Travel,India,0.322,0.247,2916,9,0,0
53.97,12,ATM,Electronics,India,0.085,0.203,2033,8,0,0
100.46,22,Bank Transfer,Entertainment,UK,0.161,0.568,2961,11,1,0
119.25,9,Online,Travel,India,0.166,0.19,409,20,0,0
29.19,8,POS,Grocery,UAE,0.17,0.352,1097,11,1,0
136.69,18,POS,Entertainment,USA,0.484,0.418,1062,7,1,0
74.69,12,Online,Travel,India,0.307,0.238,2363,9,0,0
18.99,17,Bank Transfer,Entertainment,India,0.115,0.518,218,13,0,0
56.27,16,POS,Utilities,UAE,0.222,0.273,2406,13,1,0
265.41,20,Online,Electronics,India,0.169,0.147,1404,15,0,0
356.59,7,Bank Transfer,Entertainment,India,0.049,0.243,2741,14,0,0
136.64,1,Online,Travel,USA,0.337,0.318,989,12,1,0
20.28,11,POS,Utilities,India,0.421,0.217,2585,4,0,0
108.92,15,Online,Travel,India,0.41,0.318,2683,19,0,0
156.16,19,Online,Utilities,India,0.509,0.353,1318,18,0,0
137.79,6,POS,Entertainment,India,0.264,0.209,2694,15,0,0
146.2,17,Online,Travel,USA,0.082,0.145,1083,9,1,0
95.9,19,Online,Entertainment,India,0.212,0.554,1982,18,0,0
62.03,19,Online,Food,India,0.194,0.188,2805,7,0,0
36.29,19,Online,Entertainment,UK,0.177,0.264,533,12,1,0
9.99,23,POS,Electronics,India,0.132,0.171,1224,12,0,0
93.66,15,POS,Travel,USA,0.242,0.365,160,11,1,0
80.32,8,POS,Entertainment,India,0.37,0.158,1560,14,0,0
116.46,10,POS,Grocery,India,0.458,0.492,827,11,0,0
17.5,17,ATM,Electronics,India,0.206,0.192,289,5,0,0
127.11,5,POS,Grocery,USA,0.105,0.151,2711,11,1,0
520.37,14,Online,Grocery,UAE,0.603,0.499,882,11,1,0
72.13,13,POS,Grocery,India,0.083,0.208,2191,10,0,0
62.7,15,POS,Grocery,India,0.246,0.54,489,19,0,0
90.83,10,POS,Utilities,India,0.226,0.38,799,11,0,0
508.94,17,Online,Entertainment,India,0.108,0.478,247,2,0,0
23.96,1,Online,Utilities,India,0.641,0.374,2124,9,0,0
81.71,17,ATM,Grocery,Singapore,0.095,0.531,1112,7,1,0
29.97,19,POS,Utilities,UK,0.283,0.436,2704,11,1,0
38.59,21,Online,Food,India,0.194,0.696,1546,8,0,0
63.46,22,ATM,Entertainment,India,0.258,0.093,572,6,0,0
256.55,8,POS,Utilities,India,0.377,0.547,2338,7,0,0
403.83,1,POS,Travel,India,0.436,0.306,2602,13,0,0
104.39,15,POS,Entertainment,India,0.224,0.142,1823,9,0,0
45.76,2,POS,Food,Singapore,0.052,0.268,2084,9,1,0
806.53,6,Bank Transfer,Electronics,India,0.501,0.148,2473,9,0,0
43.49,16,Online,Electronics,India,0.553,0.437,329,10,0,0
37.67,14,Online,Travel,India,0.255,0.262,699,9,0,0
11.3,14,ATM,Travel,India,0.346,0.302,2339,15,0,0
269.37,18,Online,Utilities,UAE,0.247,0.144,2385,16,1,0
175.61,3,Online,Entertainment,UK,0.307,0.159,564,16,1,0
748.3,18,POS,Food,UK,0.26,0.179,155,17,1,0
16.62,14,Online,Entertainment,Singapore,0.587,0.092,1624,11,1,0
286.62,10,POS,Electronics,India,0.291,0.114,832,7,0,0
71.53,11,POS,Travel,USA,0.409,0.196,495,11,1,0
149.32,12,POS,Utilities,USA,0.424,0.184,1331,14,1,0
12.84,13,ATM,Utilities,India,0.159,0.185,799,20,0,0
289.48,8,Online,Travel,India,0.05,0.661,2871,11,0,0
146.43,5,ATM,Entertainment,USA,0.141,0.606,2439,19,1,0
64.14,4,POS,Electronics,Singapore,0.09,0.334,273,17,1,0
127.12,8,Bank Transfer,Entertainment,India,0.579,0.239,2888,17,0,0
31.02,6,POS,Grocery,Singapore,0.18,0.205,788,14,1,0
37.36,12,ATM,Electronics,UAE,0.372,0.439,491,12,1,0
41.95,21,ATM,Grocery,UAE,0.183,0.056,458,12,1,0
10.46,2,Online,Entertainment,India,0.234,0.204,1137,18,0,0
157.87,7,Online,Electronics,India,0.521,0.57,1276,14,0,1
219.55,1,ATM,Travel,USA,0.669,0.275,2710,15,1,0
33.07,23,ATM,Entertainment,India,0.089,0.268,987,12,0,0
94.46,16,POS,Utilities,India,0.369,0.086,2054,14,0,0
51.13,5,ATM,Electronics,UK,0.059,0.155,277,11,1,0
92.6,9,POS,Entertainment,India,0.264,0.321,2463,14,0,0
35.6,17,Online,Entertainment,India,0.345,0.284,1444,12,0,0
27.57,22,Online,Electronics,UAE,0.109,0.297,1738,12,1,0
190.96,13,ATM,Entertainment,India,0.292,0.517,1457,11,0,0
62.56,6,Online,Grocery,UAE,0.12,0.412,2223,15,1,0
503.76,16,POS,Utilities,India,0.118,0.435,1891,13,0,0
69.85,16,Online,Electronics,India,0.533,0.159,1095,8,0,0
26.41,15,POS,Grocery,India,0.575,0.301,2523,9,0,1
227.45,1,Online,Utilities,India,0.621,0.421,326,10,0,0
125.31,16,Online,Entertainment,India,0.328,0.361,2920,13,0,0
137.95,0,ATM,Entertainment,Singapore,0.262,0.488,1867,9,1,0
219.34,21,POS,Grocery,UAE,0.167,0.405,312,13,1,0
34.72,21,POS,Entertainment,India,0.081,0.253,1499,14,0,0
58.72,13,Online,Entertainment,India,0.625,0.344,1015,14,0,0
56.18,15,POS,Utilities,India,0.155,0.364,155,17,0,0
18.34,1,POS,Electronics,India,0.386,0.27,2917,14,0,0
51.23,20,Online,Utilities,India,0.291,0.188,2627,12,0,0
253.76,6,Online,Entertainment,India,0.477,0.093,1703,9,0,0
84.55,6,POS,Travel,India,0.372,0.317,372,6,0,0
17.36,16,Online,Travel,India,0.171,0.086,1191,15,0,0
14.07,22,Bank Transfer,Utilities,India,0.125,0.766,2152,7,0,0
352.4,11,Online,Food,USA,0.059,0.187,1305,14,1,0
60.93,12,POS,Grocery,India,0.074,0.547,1626,13,0,0
34.9,13,POS,Grocery,India,0.097,0.326,2528,15,0,0
50.7,6,POS,Entertainment,India,0.126,0.131,546,8,0,0
15.22,14,Online,Travel,India,0.451,0.4,2591,8,0,0
276.74,23,Online,Travel,Singapore,0.243,0.215,2938,15,1,0
45.01,9,POS,Food,USA,0.496,0.119,886,15,1,0
261.75,18,POS,Utilities,Singapore,0.314,0.175,2787,8,1,0
70.22,18,POS,Electronics,India,0.206,0.217,927,12,0,0
278.53,20,POS,Food,India,0.267,0.146,2103,14,0,0
86.2,17,Bank Transfer,Entertainment,India,0.185,0.301,2099,13,0,0
156.53,22,POS,Food,India,0.347,0.254,2808,11,0,0
136.88,17,POS,Entertainment,India,0.156,0.018,203,9,0,0
124.37,23,Online,Travel,India,0.173,0.043,1785,15,0,0
94.44,17,POS,Food,India,0.206,0.26,2538,10,0,0
52.83,20,POS,Grocery,India,0.064,0.03,275,9,0,0
452.79,21,Online,Entertainment,India,0.556,0.613,21,12,0,0
26.93,23,POS,Entertainment,India,0.309,0.26,194,11,0,0
66.97,14,POS,Entertainment,India,0.495,0.12,1383,14,0,0
67.69,17,Online,Grocery,UAE,0.339,0.287,1681,13,1,0
99.73,23,Online,Utilities,India,0.31,0.035,2377,17,0,0
43.4,9,POS,Electronics,India,0.337,0.108,1264,9,0,0
91.35,2,Bank Transfer,Grocery,India,0.108,0.421,2742,15,0,0
56.33,21,POS,Food,India,0.266,0.055,340,10,0,0
13.71,15,Bank Transfer,Food,USA,0.122,0.132,1881,16,1,0
67.33,10,Bank Transfer,Electronics,India,0.527,0.474,1395,19,0,0
22.19,17,Online,Entertainment,UAE,0.177,0.569,1592,13,1,0
11.77,0,POS,Food,Singapore,0.145,0.235,1510,13,1,0
76.47,11,ATM,Travel,India,0.207,0.219,2092,17,0,0
108.62,6,Online,Food,UAE,0.092,0.306,2149,19,1,0
112.92,6,POS,Travel,India,0.092,0.278,2526,13,0,0
117.59,23,Online,Grocery,UAE,0.508,0.362,1101,11,1,0
9.65,13,Online,Travel,India,0.208,0.345,39,12,0,0
17.1,3,Bank Transfer,Utilities,UAE,0.107,0.477,479,10,1,0
479.87,8,ATM,Food,India,0.225,0.383,1819,15,0,0
23.4,5,Bank Transfer,Travel,India,0.541,0.193,482,10,0,0
122.83,21,ATM,Electronics,UAE,0.115,0.137,2300,7,1,0
33.55,6,Online,Utilities,India,0.506,0.234,1,15,0,0
72.22,8,Online,Food,India,0.144,0.429,2776,13,0,0
35.4,8,Bank Transfer,Entertainment,India,0.174,0.15,2976,9,0,0
116.93,4,Bank Transfer,Food,India,0.33,0.244,1199,14,0,0
76.46,18,ATM,Utilities,India,0.551,0.13,2573,19,0,0
42.59,13,ATM,Food,India,0.13,0.236,2705,12,0,0
23.33,10,Online,Electronics,India,0.206,0.131,2433,13,0,0
87.16,9,POS,Travel,UK,0.224,0.136,1890,13,1,0
19.83,16,Bank Transfer,Grocery,India,0.23,0.314,622,13,0,0
102.26,2,POS,Entertainment,Singapore,0.715,0.1,1000,8,1,0
921.94,22,POS,Utilities,India,0.283,0.517,1074,12,0,0
257.28,13,Online,Food,UK,0.081,0.101,2950,10,1,0
136.78,5,Online,Electronics,UK,0.311,0.514,1927,3,1,0
61.22,12,Online,Grocery,UAE,0.459,0.307,176,17,1,0
9.6,20,POS,Food,India,0.317,0.317,482,15,0,0
17.77,4,POS,Travel,India,0.325,0.32,2609,6,0,0
240.52,12,POS,Food,UAE,0.223,0.162,1459,5,1,0
30.27,14,POS,Travel,USA,0.4,0.062,1585,7,1,0
33.14,19,POS,Utilities,India,0.239,0.368,2756,9,0,0
56.51,13,Online,Utilities,India,0.13,0.207,1754,10,0,0
23.06,17,POS,Travel,UK,0.313,0.281,1243,9,1,0
19.56,18,Online,Travel,India,0.031,0.446,2497,15,0,0
63.4,21,POS,Utilities,India,0.456,0.375,1005,8,0,0
27.34,8,Online,Grocery,Singapore,0.224,0.448,2781,12,1,0
31.78,16,Bank Transfer,Food,India,0.224,0.544,217,11,0,0
30.53,5,POS,Grocery,India,0.412,0.256,2686,7,0,0
112.43,20,POS,Electronics,India,0.307,0.156,367,10,0,0
52.87,22,Online,Grocery,India,0.112,0.099,1400,14,0,0
55.78,7,POS,Grocery,India,0.244,0.241,642,10,0,0
121.14,13,ATM,Electronics,USA,0.196,0.365,2136,8,1,0
57.86,19,Bank Transfer,Grocery,India,0.186,0.23,1395,11,0,0
50.49,0,Online,Entertainment,Singapore,0.13,0.442,2257,11,1,0
106.75,16,Bank Transfer,Food,UK,0.393,0.163,1690,14,1,0
130.09,19,Online,Electronics,UK,0.611,0.106,1039,10,1,0
57.57,20,Online,Electronics,India,0.455,0.09,2198,13,0,0
72.28,4,POS,Utilities,India,0.462,0.118,910,9,0,0
30.51,18,POS,Utilities,USA,0.077,0.258,676,13,1,0
28.2,18,POS,Grocery,India,0.035,0.155,2464,9,0,0
143.9,0,Online,Entertainment,India,0.207,0.284,2984,12,0,0
104.06,16,Online,Electronics,India,0.293,0.437,1607,16,0,0
105.14,15,POS,Entertainment,India,0.588,0.395,2877,17,0,0
88.31,23,Online,Entertainment,USA,0.112,0.12,669,13,1,0
69.84,1,POS,Entertainment,India,0.215,0.126,15,14,0,0
133.81,23,POS,Entertainment,India,0.387,0.312,2641,9,0,0
169.88,13,POS,Travel,India,0.106,0.305,2494,19,0,0
165.87,6,Online,Utilities,India,0.174,0.253,1484,15,0,0
60.29,9,Online,Entertainment,India,0.205,0.458,2566,12,0,0
266.93,18,ATM,Travel,Singapore,0.192,0.279,2616,17,1,0
83.8,23,POS,Travel,Singapore,0.457,0.486,1082,11,1,1
125.51,7,Online,Food,UAE,0.163,0.487,494,21,1,0
88.42,23,Bank Transfer,Electronics,India,0.411,0.291,1843,12,0,0
85.37,15,POS,Entertainment,India,0.333,0.394,2673,10,0,0
31.95,4,Online,Electronics,India,0.119,0.217,1737,13,0,0
134.47,14,POS,Travel,India,0.149,0.35,1214,7,0,0
1147.45,19,POS,Electronics,USA,0.114,0.462,701,15,1,0
45.84,1,Online,Entertainment,UK,0.051,0.337,878,21,1,0
71.59,1,POS,Entertainment,India,0.295,0.271,2300,16,0,0
42.68,0,Online,Travel,India,0.275,0.114,1107,11,0,0
40.93,13,Bank Transfer,Entertainment,UAE,0.551,0.162,1518,14,1,0
312.45,1,POS,Grocery,India,0.072,0.426,1808,16,0,0
34.02,22,POS,Utilities,UK,0.216,0.187,906,11,1,0
41.51,3,ATM,Entertainment,USA,0.247,0.171,901,9,1,0
13.63,1,Online,Grocery,India,0.309,0.266,2163,12,0,0
31.26,6,Bank Transfer,Entertainment,UAE,0.429,0.459,1931,13,1,0
12.08,18,POS,Electronics,Singapore,0.423,0.288,2330,11,1,0
125.44,21,Online,Utilities,UK,0.447,0.374,1512,9,1,0
1096.3,6,Bank Transfer,Travel,India,0.13,0.391,32,13,0,0
46.22,12,POS,Utilities,India,0.562,0.554,1966,13,0,0
12.59,18,ATM,Utilities,USA,0.627,0.305,42,11,1,0
164.02,19,Online,Travel,India,0.23,0.261,1012,13,0,0
32.24,3,ATM,Electronics,India,0.257,0.09,2219,14,0,0
244.53,20,POS,Food,India,0.513,0.286,778,9,0,0
50.3,20,Online,Travel,India,0.34,0.276,2613,16,0,0
35.45,17,POS,Utilities,USA,0.336,0.341,2021,11,1,0
55.81,12,Bank Transfer,Travel,India,0.167,0.278,2712,11,0,0
142.28,9,POS,Travel,India,0.824,0.394,1588,17,0,0
53.12,21,POS,Food,India,0.268,0.12,1380,11,0,0
40.58,20,Bank Transfer,Electronics,India,0.464,0.37,428,14,0,0
54.66,12,POS,Grocery,India,0.161,0.453,2699,11,0,0
18.69,17,Online,Utilities,India,0.483,0.21,1958,16,0,0
99.19,9,POS,Travel,India,0.534,0.058,2448,16,0,0
11.17,17,Online,Grocery,India,0.551,0.075,831,14,0,0
42.77,2,POS,Food,India,0.412,0.124,620,8,0,0
142.51,21,Online,Utilities,India,0.268,0.211,1093,14,0,0
90.29,12,Online,Grocery,India,0.689,0.406,1426,17,0,0
120.34,14,POS,Electronics,India,0.32,0.102,2565,15,0,0
62.49,4,POS,Utilities,USA,0.089,0.328,802,15,1,0
214.81,12,POS,Utilities,India,0.535,0.27,607,15,0,0
168.12,0,ATM,Travel,India,0.217,0.118,360,11,0,0
104.18,21,POS,Food,USA,0.301,0.265,1292,15,1,0
168.6,17,POS,Utilities,UK,0.03,0.304,313,12,1,0
141.23,10,POS,Entertainment,India,0.337,0.093,258,12,0,0
42.97,20,Online,Food,India,0.254,0.151,1072,5,0,0
17.39,19,ATM,Entertainment,UK,0.262,0.17,1351,10,1,0
101.53,2,Online,Electronics,India,0.119,0.163,1238,11,0,0
115.13,1,Bank Transfer,Grocery,UAE,0.379,0.215,2763,11,1,0
198.44,6,Online,Food,India,0.121,0.167,2753,11,0,0
26.15,0,ATM,Food,USA,0.277,0.328,1676,22,1,0
26.94,13,ATM,Utilities,Singapore,0.263,0.145,2819,8,1,0
105.63,12,POS,Utilities,UAE,0.365,0.329,2605,8,1,0
62.11,12,Bank Transfer,Electronics,India,0.239,0.282,144,11,0,0
10.12,1,ATM,Utilities,USA,0.263,0.369,1626,9,1,0
97.04,22,Online,Grocery,India,0.279,0.106,1046,9,0,0
10.46,23,POS,Utilities,India,0.343,0.294,176,10,0,0
25.91,14,POS,Grocery,Singapore,0.421,0.046,1963,14,1,0
257.67,0,Online,Food,India,0.295,0.499,1513,10,0,0
413.59,9,Online,Entertainment,UK,0.536,0.35,1834,15,1,0
19.77,17,Online,Food,India,0.242,0.228,698,10,0,0
47.97,17,Online,Utilities,India,0.148,0.394,2524,20,0,0
69.59,5,Online,Food,India,0.624,0.302,1298,17,0,0
395.93,19,POS,Grocery,India,0.401,0.263,714,12,0,0
40.74,23,POS,Food,India,0.309,0.387,712,13,0,0
41.39,12,POS,Travel,India,0.3,0.461,829,14,0,0
313.79,9,ATM,Food,UAE,0.2,0.209,340,14,1,0
45.84,12,Online,Electronics,UK,0.073,0.497,2601,12,1,0
137.3,0,Bank Transfer,Grocery,UK,0.572,0.143,635,17,1,0
15.22,12,ATM,Food,India,0.578,0.263,2223,15,0,0
56.19,0,ATM,Grocery,India,0.104,0.389,1204,7,0,0
12.68,0,Online,Travel,USA,0.522,0.059,362,17,1,0
23.21,13,ATM,Food,India,0.395,0.622,2469,11,0,0
154.35,12,Bank Transfer,Utilities,India,0.118,0.348,2427,13,0,0
63.44,23,ATM,Travel,UAE,0.253,0.058,2308,11,1,0
48.47,12,POS,Travel,India,0.21,0.358,1100,16,0,0
31.54,23,Online,Travel,UAE,0.258,0.448,111,11,1,0
53.48,19,POS,Food,India,0.195,0.088,2352,4,0,0
90.12,8,POS,Travel,India,0.141,0.754,2330,9,0,0
178.2,22,Online,Food,India,0.258,0.162,2610,9,0,0
4.83,11,ATM,Entertainment,UAE,0.355,0.281,93,10,1,0
29.03,14,POS,Grocery,India,0.198,0.226,2544,13,0,0
78.19,2,POS,Utilities,UK,0.65,0.178,228,12,1,0
60.41,5,Bank Transfer,Food,India,0.321,0.088,84,11,0,0
99.82,12,POS,Food,Singapore,0.556,0.018,2285,13,1,0
87.14,6,POS,Food,India,0.117,0.159,2224,10,0,0
49.16,14,ATM,Utilities,India,0.135,0.423,1180,13,0,0
39.38,1,ATM,Food,UK,0.231,0.506,2190,18,1,0
52.17,6,Online,Utilities,UK,0.482,0.064,965,9,1,0
210.34,15,Online,Travel,USA,0.317,0.036,357,11,1,0
32.07,14,POS,Travel,India,0.522,0.033,1126,11,0,0
62.63,23,POS,Food,Singapore,0.039,0.192,2690,11,1,0
80.11,21,ATM,Grocery,India,0.303,0.338,1572,10,0,0
317.46,19,ATM,Grocery,UAE,0.851,0.124,2196,18,1,0
49.39,0,POS,Travel,India,0.091,0.404,1820,10,0,0
173.96,14,POS,Travel,India,0.269,0.318,1972,17,0,0
228.6,5,POS,Grocery,India,0.226,0.162,2011,9,0,0
62.57,6,POS,Entertainment,India,0.234,0.509,323,11,0,0
54.02,5,POS,Food,India,0.056,0.457,289,11,0,0
47.99,10,POS,Travel,UK,0.606,0.17,365,12,1,0
51.63,2,ATM,Travel,USA,0.182,0.455,494,13,1,0
156.69,12,POS,Utilities,India,0.093,0.244,2068,17,0,0
84.02,3,Online,Utilities,India,0.132,0.247,1302,16,0,0
84.38,12,Online,Grocery,UK,0.113,0.373,1096,14,1,0
21.65,15,ATM,Food,Singapore,0.101,0.298,2592,14,1,0
25.34,4,Bank Transfer,Travel,India,0.252,0.161,1433,11,0,0
568.75,2,Online,Electronics,UAE,0.456,0.356,2288,12,1,0
55.82,19,POS,Food,India,0.425,0.22,1866,4,0,0
30.73,17,ATM,Utilities,USA,0.177,0.318,560,8,1,0
278.97,6,POS,Food,UK,0.269,0.361,1109,12,1,0
88.39,21,POS,Utilities,India,0.206,0.063,863,14,0,0
118.88,5,POS,Entertainment,India,0.205,0.427,2151,8,0,0
58.09,22,Bank Transfer,Entertainment,USA,0.08,0.286,1136,8,1,0
48.49,2,POS,Entertainment,India,0.156,0.193,1697,12,0,0
56.28,15,Online,Entertainment,India,0.26,0.019,2579,8,0,0
16.73,0,Online,Travel,India,0.266,0.032,1105,11,0,0
61.07,4,Online,Utilities,UK,0.512,0.586,2934,20,1,0
89.66,9,POS,Utilities,India,0.458,0.114,608,14,0,0
424.31,2,Bank Transfer,Food,India,0.43,0.32,229,15,0,0
72.68,10,ATM,Entertainment,UAE,0.389,0.408,579,14,1,0
6.46,5,Online,Utilities,UK,0.296,0.605,1461,14,1,0
60.7,2,Online,Grocery,India,0.68,0.588,90,15,0,0
1032.26,23,ATM,Grocery,India,0.448,0.514,1088,11,0,0
158.6,23,ATM,Utilities,India,0.12,0.158,953,10,0,0
29.64,23,Online,Food,India,0.184,0.089,965,15,0,0
120.43,3,POS,Entertainment,India,0.454,0.156,593,13,0,0
31.75,9,POS,Food,India,0.08,0.061,1497,13,0,0
17.22,7,POS,Food,India,0.277,0.038,830,15,0,0
47.07,7,POS,Grocery,India,0.323,0.503,2156,9,0,0
73.08,9,POS,Travel,India,0.68,0.109,1743,14,0,0
10.26,12,POS,Grocery,India,0.64,0.099,1771,19,0,0
21.13,11,Bank Transfer,Electronics,Singapore,0.232,0.499,2305,13,1,0
67.38,7,ATM,Grocery,India,0.026,0.229,1273,10,0,0
44.34,23,ATM,Entertainment,USA,0.324,0.451,501,12,1,0
98.97,23,Online,Travel,India,0.016,0.407,2167,13,0,0
19.79,7,Online,Entertainment,India,0.036,0.339,2831,8,0,0
136.2,5,POS,Grocery,India,0.172,0.177,1235,7,0,0
20.41,12,Online,Grocery,India,0.022,0.252,2148,7,0,0
344.72,8,POS,Electronics,UK,0.136,0.393,1955,7,1,1
11.99,23,Online,Entertainment,India,0.417,0.321,140,10,0,0
22.36,10,Bank Transfer,Entertainment,India,0.206,0.096,504,13,0,0
101.23,0,Bank Transfer,Food,India,0.266,0.368,2051,15,0,0
352.21,3,POS,Food,India,0.116,0.289,1019,19,0,0
91.38,1,ATM,Entertainment,India,0.501,0.816,788,13,0,0
117.08,9,POS,Entertainment,India,0.355,0.19,1706,7,0,0
67.87,7,POS,Entertainment,India,0.106,0.146,1668,10,0,0
23.89,20,POS,Grocery,India,0.233,0.123,2753,13,0,0
40.85,21,POS,Electronics,UK,0.342,0.431,2940,10,1,0
19.85,3,Online,Utilities,India,0.098,0.461,58,11,0,0
18.57,22,Online,Electronics,Singapore,0.073,0.549,1371,16,1,0
99.66,14,POS,Grocery,India,0.105,0.18,2180,9,0,0
21.69,7,Bank Transfer,Food,India,0.673,0.517,1023,8,0,0
91.79,9,Online,Travel,USA,0.163,0.172,1452,15,1,0
18.14,10,Online,Food,India,0.129,0.313,2080,14,0,0
89.69,4,Online,Food,India,0.106,0.113,2234,16,0,0
40.91,20,Online,Entertainment,UAE,0.129,0.347,2834,10,1,1
272.22,0,Online,Utilities,UAE,0.183,0.291,345,19,1,1
92.18,1,Online,Entertainment,India,0.071,0.83,1343,11,0,0
229.47,6,Bank Transfer,Utilities,India,0.632,0.275,1775,10,0,0
31.32,3,POS,Grocery,UK,0.097,0.116,2677,9,1,0
70.54,1,Online,Entertainment,UAE,0.214,0.341,1265,17,1,0
25.0,9,POS,Electronics,India,0.066,0.299,156,10,0,0
44.1,9,Bank Transfer,Entertainment,India,0.097,0.402,935,13,0,0
51.31,3,POS,Grocery,USA,0.126,0.465,2795,6,1,0
32.27,19,POS,Food,India,0.805,0.152,98,12,0,0
19.78,21,Bank Transfer,Grocery,USA,0.19,0.038,2844,9,1,0
16.22,17,Online,Food,India,0.089,0.263,1576,10,0,1
6.43,12,POS,Travel,India,0.374,0.534,620,18,0,0
23.19,22,POS,Grocery,India,0.447,0.22,1026,10,0,0
124.9,8,Online,Grocery,India,0.337,0.155,1063,11,0,0
13.48,10,Bank Transfer,Travel,India,0.101,0.152,2766,8,0,0
16.98,0,Online,Utilities,India,0.058,0.512,2431,13,0,0
399.77,16,POS,Utilities,India,0.395,0.29,2253,16,0,0
35.29,2,Online,Grocery,India,0.401,0.348,44,11,0,0
91.93,15,Online,Utilities,Singapore,0.053,0.321,261,9,1,0
126.76,18,POS,Food,India,0.043,0.184,2638,10,0,0
129.35,5,Bank Transfer,Travel,USA,0.299,0.121,930,11,1,0
14.55,14,POS,Utilities,India,0.134,0.209,583,9,0,0
52.93,7,Bank Transfer,Travel,Singapore,0.302,0.151,779,9,1,0
13.22,9,ATM,Travel,India,0.311,0.232,1976,13,0,0
769.94,12,POS,Travel,India,0.419,0.384,2052,12,0,0
13.53,5,ATM,Grocery,India,0.214,0.336,829,17,0,0
23.39,19,ATM,Electronics,India,0.426,0.269,1725,8,0,0
23.56,9,Online,Grocery,Singapore,0.273,0.177,2470,17,1,0
14.93,11,Online,Travel,USA,0.297,0.159,1077,14,1,0
257.91,19,POS,Electronics,UK,0.208,0.221,397,10,1,0
751.78,5,POS,Food,USA,0.088,0.438,666,11,1,0
41.44,10,ATM,Utilities,UK,0.297,0.377,2943,12,1,0
17.81,23,POS,Grocery,UAE,0.55,0.474,1322,7,1,0
7.12,9,POS,Food,USA,0.236,0.166,2159,11,1,0
52.24,2,Online,Grocery,India,0.428,0.582,753,16,0,0
48.6,6,POS,Utilities,India,0.349,0.296,2585,16,0,0
34.77,22,ATM,Travel,India,0.287,0.517,569,10,0,0
83.21,18,ATM,Utilities,UK,0.52,0.224,344,8,1,0
99.01,19,ATM,Entertainment,India,0.166,0.349,2447,12,0,0
92.12,6,POS,Travel,India,0.29,0.573,1840,17,0,0
48.61,20,Online,Travel,USA,0.478,0.299,2905,21,1,0
22.16,9,ATM,Travel,India,0.164,0.551,1595,15,0,0
129.78,19,Online,Electronics,India,0.413,0.44,2265,10,0,0
67.53,21,Online,Electronics,Singapore,0.323,0.136,1570,14,1,0
162.12,4,Online,Food,India,0.159,0.034,188,10,0,0
146.95,22,POS,Electronics,India,0.144,0.412,1138,5,0,0
16.09,15,POS,Entertainment,India,0.226,0.24,2815,12,0,0
15.89,17,Online,Electronics,India,0.135,0.275,2848,11,0,0
31.33,18,POS,Travel,India,0.306,0.217,1361,18,0,0
23.19,4,Bank Transfer,Travel,India,0.075,0.112,2587,11,0,0
141.92,17,Online,Entertainment,India,0.232,0.49,797,5,0,0
94.76,5,POS,Grocery,USA,0.067,0.118,920,13,1,0
200.17,6,ATM,Travel,India,0.043,0.18,2315,9,0,0
99.14,2,Online,Travel,India,0.338,0.241,202,14,0,0
82.16,4,POS,Food,India,0.048,0.421,12,11,0,0
221.35,23,Bank Transfer,Grocery,India,0.719,0.358,734,8,0,0
106.67,7,ATM,Electronics,India,0.279,0.22,92,9,0,0
71.39,9,Online,Entertainment,India,0.401,0.439,1661,6,0,1
293.08,11,ATM,Utilities,India,0.379,0.092,2276,17,0,0
74.83,17,Online,Electronics,UK,0.281,0.485,1921,15,1,0
49.19,13,Online,Utilities,India,0.06,0.181,482,13,0,0
28.85,12,POS,Food,UAE,0.148,0.279,2538,12,1,0
134.7,20,POS,Entertainment,India,0.394,0.122,1417,4,0,0
229.76,11,Online,Travel,USA,0.325,0.075,915,9,1,0
63.4,18,Online,Utilities,India,0.569,0.056,1574,11,0,0
246.64,21,ATM,Travel,UK,0.257,0.289,480,13,1,0
9.3,16,Online,Grocery,Singapore,0.425,0.142,2981,13,1,0
63.09,0,Online,Grocery,India,0.21,0.289,1385,13,0,0
64.07,6,ATM,Food,India,0.22,0.155,989,6,0,0
32.23,14,Bank Transfer,Food,UAE,0.482,0.317,2073,20,1,0
723.33,11,POS,Travel,UAE,0.064,0.332,912,9,1,0
62.42,6,Bank Transfer,Utilities,UAE,0.328,0.491,2290,13,1,0
44.36,8,ATM,Travel,India,0.315,0.552,1421,14,0,0
68.44,1,POS,Food,India,0.218,0.372,2626,19,0,0
9.0,5,POS,Food,India,0.207,0.362,1452,8,0,0
31.19,18,POS,Food,USA,0.164,0.113,1945,12,1,0
178.26,0,Online,Entertainment,India,0.669,0.203,1645,14,0,0
35.55,20,Online,Utilities,India,0.166,0.286,2918,12,0,0
29.11,8,Online,Entertainment,India,0.423,0.35,2634,17,0,0
247.03,19,ATM,Utilities,India,0.361,0.092,1359,7,0,0
254.74,6,POS,Utilities,USA,0.226,0.307,2127,18,1,0
111.83,19,Online,Electronics,India,0.112,0.104,649,11,0,0
42.3,13,Bank Transfer,Food,Singapore,0.221,0.377,2585,7,1,0
52.49,20,Bank Transfer,Travel,India,0.181,0.238,1848,12,0,0
29.84,1,ATM,Utilities,India,0.382,0.235,1160,13,0,0
24.66,19,POS,Utilities,India,0.223,0.468,2668,13,0,0
23.47,6,POS,Utilities,India,0.411,0.324,2313,11,0,0
35.94,8,POS,Entertainment,India,0.391,0.139,505,16,0,0
23.7,1,Online,Utilities,Singapore,0.459,0.179,2883,12,1,0
13.96,22,POS,Entertainment,India,0.556,0.383,853,11,0,0
83.05,15,Bank Transfer,Travel,India,0.309,0.139,237,17,0,0
84.32,23,Online,Travel,USA,0.65,0.329,1050,10,1,0
365.33,13,Online,Food,India,0.41,0.228,1305,11,0,0
34.18,3,POS,Electronics,India,0.239,0.387,228,11,0,0
89.67,8,Online,Entertainment,India,0.227,0.599,1789,14,0,0
91.17,10,Online,Entertainment,India,0.674,0.545,1302,9,0,0
51.74,3,ATM,Utilities,India,0.41,0.268,1757,9,0,0
140.38,22,POS,Entertainment,India,0.339,0.392,1492,14,0,0
144.78,22,ATM,Grocery,India,0.293,0.26,1539,10,0,0
92.52,13,POS,Electronics,India,0.365,0.28,463,10,0,0
51.64,14,POS,Travel,India,0.398,0.253,2467,12,0,0
46.64,16,Bank Transfer,Food,USA,0.279,0.571,1878,8,1,0
16.98,16,POS,Electronics,India,0.434,0.213,632,8,0,0
29.79,1,POS,Utilities,India,0.329,0.259,333,8,0,0
35.8,12,Online,Travel,USA,0.513,0.245,2896,17,1,0
21.67,18,Online,Electronics,India,0.375,0.111,1570,19,0,0
103.54,19,POS,Entertainment,Singapore,0.451,0.213,2426,13,1,0
220.66,14,POS,Electronics,India,0.237,0.497,1441,12,0,0
26.89,21,POS,Grocery,India,0.296,0.243,879,6,0,0
88.54,14,Online,Travel,India,0.192,0.259,881,11,0,0
23.71,9,POS,Electronics,India,0.024,0.176,98,12,0,0
49.16,10,ATM,Food,India,0.454,0.463,1644,12,0,0
33.44,16,Bank Transfer,Entertainment,India,0.19,0.24,2163,14,0,0
121.74,21,POS,Food,India,0.278,0.029,331,13,0,0
33.83,5,POS,Electronics,USA,0.4,0.239,80,16,1,0
183.4,7,POS,Food,India,0.295,0.319,500,11,0,0
52.16,15,POS,Grocery,USA,0.106,0.271,1460,9,1,0
34.83,18,POS,Travel,India,0.196,0.503,1554,14,0,0
19.04,9,ATM,Food,India,0.142,0.022,1746,4,0,0
85.9,15,POS,Utilities,India,0.093,0.307,2521,13,0,0
163.24,0,Online,Food,UAE,0.466,0.508,2936,13,1,0
87.65,7,Online,Grocery,India,0.324,0.177,2693,10,0,0
625.68,22,ATM,Utilities,India,0.567,0.213,942,11,0,0
278.6,13,POS,Travel,Singapore,0.374,0.248,1353,11,1,0
49.03,20,POS,Entertainment,India,0.347,0.123,2155,10,0,0
48.52,5,Bank Transfer,Utilities,India,0.231,0.111,797,19,0,0
106.67,6,POS,Utilities,India,0.507,0.31,2863,11,0,0
28.85,23,Online,Grocery,USA,0.324,0.275,378,15,1,0
214.07,23,Online,Travel,India,0.114,0.302,1389,6,0,0
95.74,21,Online,Food,Singapore,0.136,0.451,2257,12,1,0
86.18,7,POS,Entertainment,USA,0.142,0.136,363,14,1,0
132.55,19,POS,Utilities,India,0.209,0.118,2969,16,0,0
373.47,11,Online,Food,India,0.656,0.237,370,9,0,0
79.12,20,Online,Grocery,UK,0.369,0.218,759,11,1,0
59.56,20,ATM,Entertainment,Singapore,0.214,0.221,1169,11,1,0
301.48,10,ATM,Entertainment,Singapore,0.151,0.086,1928,16,1,0
175.48,7,Bank Transfer,Electronics,India,0.153,0.372,974,10,0,0
48.38,23,Bank Transfer,Food,USA,0.281,0.269,1710,14,1,0
67.03,10,ATM,Travel,USA,0.489,0.226,950,11,1,0
81.08,10,POS,Entertainment,UAE,0.536,0.55,1044,9,1,0
95.76,15,Online,Grocery,India,0.38,0.249,1454,19,0,0
17.17,22,Online,Utilities,UK,0.347,0.308,888,10,1,0
14.26,3,Online,Utilities,USA,0.051,0.392,1612,7,1,0
27.46,23,POS,Entertainment,Singapore,0.144,0.292,1252,8,1,0
25.41,10,Online,Entertainment,USA,0.35,0.301,797,11,1,0
35.03,0,POS,Utilities,Singapore,0.585,0.064,1210,16,1,0
125.8,7,POS,Grocery,India,0.749,0.283,1321,14,0,0
56.32,11,ATM,Food,India,0.505,0.519,1460,18,0,0
81.16,16,Online,Food,India,0.069,0.355,1955,15,0,0
19.6,13,Online,Utilities,UK,0.062,0.086,873,11,1,0
42.03,3,Online,Entertainment,India,0.227,0.439,1671,9,0,0
119.97,11,Online,Food,India,0.516,0.25,1305,13,0,0
120.9,5,POS,Food,UAE,0.194,0.314,2265,12,1,0
32.31,6,Online,Grocery,Singapore,0.345,0.164,1862,15,1,0
78.39,17,POS,Travel,USA,0.665,0.634,823,6,1,0
601.15,19,Online,Electronics,UK,0.508,0.143,649,7,1,0
65.52,3,POS,Utilities,India,0.422,0.353,1130,12,0,0
33.34,14,Bank Transfer,Utilities,India,0.28,0.364,1054,17,0,1
56.05,10,ATM,Food,India,0.224,0.189,1660,13,0,0
73.13,8,Online,Grocery,UK,0.329,0.073,747,7,1,0
57.33,17,POS,Entertainment,India,0.145,0.207,2723,15,0,0
64.63,5,Online,Electronics,India,0.36,0.709,2502,13,0,0
15.75,18,ATM,Food,USA,0.592,0.386,1836,6,1,0
25.47,9,Online,Electronics,India,0.05,0.074,1991,11,0,0
57.44,2,ATM,Entertainment,Singapore,0.051,0.405,864,19,1,0
56.53,19,Bank Transfer,Travel,India,0.349,0.383,1679,14,0,0
37.86,20,Online,Grocery,Singapore,0.115,0.116,111,16,1,0
55.87,13,Online,Travel,India,0.211,0.137,413,18,0,0
70.88,17,Online,Utilities,UK,0.636,0.46,1544,12,1,0
162.29,3,Online,Grocery,USA,0.224,0.322,296,7,1,0
60.39,8,Online,Travel,India,0.468,0.155,2851,11,0,0
99.4,8,ATM,Electronics,India,0.233,0.052,2219,8,0,0
38.8,18,POS,Utilities,Singapore,0.344,0.353,2001,13,1,0
118.17,8,POS,Electronics,India,0.298,0.381,2692,8,0,0
97.1,17,POS,Utilities,USA,0.428,0.258,1273,11,1,0
158.51,7,Bank Transfer,Utilities,India,0.115,0.368,2582,19,0,0
136.11,14,Online,Food,UK,0.409,0.436,231,19,1,0
120.15,5,Online,Electronics,India,0.042,0.37,2401,11,0,0
60.44,13,Online,Food,India,0.281,0.256,350,9,0,0
85.19,1,Online,Entertainment,India,0.172,0.347,370,16,0,0
193.16,17,Bank Transfer,Grocery,India,0.749,0.096,2231,17,0,0
34.74,0,Bank Transfer,Entertainment,India,0.373,0.428,2111,13,0,0
35.57,23,ATM,Electronics,Singapore,0.096,0.213,948,9,1,0
79.95,20,ATM,Utilities,USA,0.359,0.368,456,12,1,0
101.02,13,POS,Food,UAE,0.404,0.165,879,13,1,0
29.25,21,POS,Utilities,UK,0.222,0.464,1399,14,1,0
61.88,19,Online,Grocery,India,0.449,0.573,693,18,0,0
60.7,3,Online,Grocery,India,0.177,0.093,2806,19,0,0
7.28,17,POS,Grocery,UAE,0.394,0.153,2691,11,1,0
53.54,9,ATM,Utilities,India,0.246,0.567,1211,17,0,0
56.98,20,POS,Utilities,India,0.745,0.257,916,8,0,0
56.81,20,POS,Utilities,Singapore,0.245,0.243,594,18,1,0
274.76,22,POS,Travel,UAE,0.634,0.082,531,14,1,0
19.77,10,ATM,Travel,India,0.094,0.148,263,9,0,0
29.24,4,ATM,Electronics,India,0.276,0.12,1102,13,0,0
4.89,3,Online,Entertainment,India,0.056,0.267,2681,8,0,0
41.23,3,ATM,Travel,USA,0.456,0.444,2131,10,1,0
44.9,23,ATM,Food,India,0.458,0.434,158,15,0,0
40.05,14,Online,Food,USA,0.373,0.218,1243,13,1,0
201.88,8,ATM,Electronics,India,0.201,0.171,989,17,0,0
157.69,10,POS,Electronics,India,0.067,0.525,2295,14,0,0
72.09,4,Online,Food,India,0.628,0.37,1574,12,0,0
46.03,13,POS,Entertainment,India,0.085,0.4,2046,10,0,0
186.08,10,Online,Travel,UK,0.242,0.273,200,14,1,0
65.38,19,Online,Food,India,0.51,0.443,1067,11,0,0
29.42,0,POS,Grocery,UK,0.225,0.343,1076,11,1,0
11.99,22,Online,Grocery,India,0.124,0.073,2625,10,0,0
42.89,1,Online,Food,UAE,0.315,0.256,2282,10,1,0
141.83,10,Online,Electronics,UK,0.282,0.424,222,11,1,1
649.72,8,POS,Travel,India,0.138,0.057,498,12,0,0
70.92,17,POS,Grocery,UAE,0.568,0.51,2205,6,1,0
31.02,15,Online,Utilities,India,0.272,0.261,1082,17,0,0
20.39,4,ATM,Entertainment,India,0.331,0.241,1523,9,0,0
115.81,11,Bank Transfer,Utilities,UAE,0.17,0.406,1146,12,1,0
11.42,12,POS,Grocery,UAE,0.287,0.487,962,7,1,0
115.62,11,ATM,Grocery,USA,0.212,0.085,377,13,1,0
151.07,0,Online,Travel,UAE,0.222,0.355,1226,9,1,0
103.16,4,Bank Transfer,Grocery,India,0.429,0.444,2388,15,0,0
53.54,12,POS,Electronics,India,0.596,0.123,1763,10,0,1
117.32,6,Online,Food,India,0.146,0.234,520,15,0,0
79.12,13,Online,Travel,India,0.344,0.306,821,11,0,0
30.63,3,POS,Electronics,India,0.367,0.437,2137,6,0,0
424.29,17,POS,Food,India,0.353,0.078,1821,10,0,0
46.91,4,POS,Travel,India,0.118,0.064,2984,7,0,0
144.86,15,Online,Electronics,India,0.058,0.558,1590,11,0,0
5.94,20,Online,Food,India,0.186,0.188,2852,17,0,0
239.0,8,ATM,Utilities,USA,0.401,0.343,2306,10,1,0
289.68,3,POS,Travel,India,0.563,0.236,2624,8,0,0
68.71,0,Bank Transfer,Grocery,USA,0.063,0.296,538,8,1,0
116.6,8,Online,Utilities,UK,0.413,0.167,1179,18,1,0
116.57,2,Bank Transfer,Food,India,0.11,0.219,1070,16,0,0
35.07,21,POS,Electronics,Singapore,0.666,0.057,303,11,1,0
115.25,23,ATM,Entertainment,UAE,0.213,0.098,1532,10,1,0
29.71,23,Bank Transfer,Utilities,India,0.459,0.249,169,3,0,0
36.28,22,ATM,Grocery,USA,0.206,0.177,2182,8,1,0
205.81,14,ATM,Utilities,India,0.605,0.268,804,17,0,0
176.74,7,Online,Food,India,0.307,0.131,1008,12,0,0
32.9,10,ATM,Food,India,0.208,0.308,736,11,0,0
32.02,6,Online,Utilities,USA,0.019,0.344,917,15,1,0
34.97,20,Online,Travel,Singapore,0.268,0.097,1376,14,1,0
138.75,10,Bank Transfer,Entertainment,USA,0.557,0.367,2679,12,1,0
24.53,9,POS,Food,UK,0.158,0.235,394,7,1,0
95.27,16,Online,Utilities,India,0.4,0.161,327,9,0,0
140.73,8,Bank Transfer,Electronics,India,0.19,0.237,954,9,0,0
61.05,8,POS,Entertainment,India,0.144,0.488,2182,11,0,0
183.11,5,POS,Electronics,India,0.078,0.277,2262,7,0,0
49.19,1,POS,Electronics,USA,0.252,0.147,2413,9,1,0
53.85,0,ATM,Electronics,India,0.279,0.102,2034,13,0,0
25.1,9,Bank Transfer,Utilities,India,0.517,0.27,784,16,0,0
184.41,23,POS,Utilities,India,0.145,0.205,1973,15,0,0
30.98,6,Online,Travel,India,0.527,0.37,1311,13,0,0
94.61,15,Online,Utilities,India,0.037,0.237,2046,8,0,0
62.1,7,Online,Food,India,0.07,0.171,1559,13,0,0
23.27,7,Online,Grocery,India,0.227,0.278,2793,9,0,0
36.27,3,Bank Transfer,Entertainment,India,0.035,0.207,2311,10,0,0
265.83,13,POS,Grocery,India,0.14,0.233,2948,12,0,0
81.59,15,POS,Utilities,UAE,0.378,0.044,2622,15,1,0
24.31,8,Online,Electronics,India,0.146,0.075,1486,11,0,0
90.5,12,Online,Utilities,India,0.446,0.255,1178,9,0,0
57.62,11,Online,Electronics,India,0.258,0.182,840,14,0,0
2109.16,6,POS,Grocery,India,0.27,0.225,1045,7,0,0
88.69,16,POS,Entertainment,India,0.051,0.161,589,18,0,0
45.58,13,Bank Transfer,Entertainment,India,0.204,0.056,1054,8,0,0
275.9,1,POS,Travel,UAE,0.206,0.261,2626,12,1,0
10.58,11,Online,Travel,UAE,0.293,0.289,587,12,1,0
73.28,9,ATM,Utilities,India,0.714,0.294,2631,7,0,0
490.01,19,POS,Entertainment,India,0.405,0.154,167,14,0,0
59.37,7,POS,Travel,India,0.167,0.272,491,11,0,0
11.78,22,Online,Entertainment,India,0.386,0.207,2667,8,0,0
44.88,14,Online,Travel,India,0.218,0.244,1580,11,0,0
285.58,3,POS,Travel,USA,0.357,0.128,936,6,1,0
97.13,9,Online,Food,India,0.172,0.17,580,20,0,0
28.82,21,POS,Entertainment,India,0.241,0.259,34,4,0,0
33.61,6,POS,Utilities,India,0.418,0.294,617,11,0,0
38.1,16,POS,Electronics,India,0.118,0.446,436,14,0,0
95.7,18,POS,Grocery,India,0.019,0.57,2059,15,0,0
254.22,16,Online,Food,India,0.236,0.608,2827,13,0,0
191.03,2,Bank Transfer,Entertainment,India,0.373,0.261,751,15,0,0
105.22,8,POS,Utilities,India,0.261,0.185,184,12,0,0
17.61,8,Online,Grocery,India,0.214,0.15,2979,9,0,0
17.67,8,Online,Food,UK,0.587,0.16,2076,13,1,0
113.66,21,Online,Food,India,0.283,0.19,1189,13,0,0
17.37,0,Online,Food,India,0.036,0.361,2342,10,0,0
53.22,12,POS,Grocery,Singapore,0.306,0.07,2089,12,1,0
90.39,23,Online,Grocery,USA,0.345,0.652,2244,15,1,0
21.38,21,POS,Food,India,0.434,0.539,508,13,0,0
23.94,14,ATM,Travel,India,0.198,0.321,1000,9,0,0
60.7,23,POS,Food,India,0.276,0.081,1563,14,0,0
110.35,9,ATM,Grocery,India,0.128,0.224,1919,15,0,0
192.77,14,Online,Entertainment,Singapore,0.549,0.593,1668,10,1,1
122.37,13,Online,Travel,India,0.159,0.454,845,10,0,0
71.78,1,POS,Electronics,India,0.312,0.614,1112,12,0,0
31.62,0,Online,Electronics,India,0.318,0.142,1250,7,0,0
22.85,21,ATM,Electronics,India,0.036,0.197,226,9,0,0
40.01,4,Online,Food,India,0.252,0.073,2493,10,0,0
100.48,8,POS,Food,India,0.37,0.186,1946,14,0,0
93.38,14,POS,Entertainment,India,0.319,0.438,1820,14,0,0
8.17,13,POS,Utilities,Singapore,0.441,0.561,2297,15,1,0
30.4,12,ATM,Travel,USA,0.233,0.161,1406,15,1,0
222.41,23,Online,Utilities,UAE,0.536,0.197,1765,7,1,1
72.18,18,ATM,Food,Singapore,0.361,0.165,2061,6,1,0
16.17,22,ATM,Travel,UAE,0.396,0.299,1949,8,1,0
703.33,15,Online,Utilities,UAE,0.265,0.231,2220,18,1,0
64.78,23,Online,Entertainment,India,0.434,0.044,208,8,0,0
97.94,14,Online,Travel,India,0.049,0.431,2790,13,0,0
99.44,13,Online,Travel,India,0.379,0.153,1582,15,0,0
46.17,19,POS,Food,India,0.362,0.48,2305,15,0,0
32.21,20,ATM,Entertainment,USA,0.024,0.43,120,11,1,0
556.5,1,Bank Transfer,Grocery,India,0.36,0.108,1436,23,0,0
181.85,21,Online,Food,UK,0.297,0.522,1363,11,1,0
151.7,16,Bank Transfer,Food,UK,0.211,0.461,654,16,1,0
118.66,21,Bank Transfer,Utilities,India,0.217,0.601,2679,12,0,0
24.45,17,Online,Entertainment,India,0.06,0.188,1411,16,0,0
239.26,22,ATM,Utilities,India,0.136,0.054,2677,12,0,0
28.7,6,Online,Grocery,India,0.174,0.438,1320,17,0,0
88.53,4,POS,Entertainment,India,0.277,0.423,1776,6,0,0
12.94,4,POS,Electronics,India,0.179,0.438,1797,11,0,0
8.66,6,Online,Food,India,0.326,0.575,1901,11,0,0
91.68,5,ATM,Utilities,India,0.462,0.099,1876,9,0,0
29.69,10,POS,Utilities,India,0.31,0.14,2406,10,0,0
9.12,4,ATM,Travel,India,0.131,0.066,651,11,0,0
114.5,3,Online,Travel,India,0.207,0.078,2148,13,0,0
555.62,12,Online,Entertainment,UAE,0.189,0.129,2418,11,1,0
267.62,19,POS,Utilities,India,0.447,0.245,2459,17,0,0
51.56,3,Online,Food,UAE,0.374,0.173,1240,13,1,0
67.28,12,POS,Grocery,India,0.705,0.25,1260,10,0,0
162.02,15,POS,Grocery,India,0.648,0.13,2361,12,0,0
204.82,16,POS,Entertainment,UAE,0.204,0.463,1544,15,1,0
47.3,2,POS,Entertainment,USA,0.173,0.501,47,6,1,1
69.0,17,POS,Utilities,India,0.412,0.187,2253,16,0,0
90.07,0,Online,Food,USA,0.109,0.168,2309,15,1,0
116.03,5,Online,Electronics,India,0.395,0.398,1532,17,0,0
58.38,7,POS,Grocery,UK,0.242,0.096,1648,4,1,0
59.14,20,Bank Transfer,Entertainment,India,0.207,0.261,1589,17,0,0
265.03,4,Online,Utilities,UK,0.045,0.109,1270,4,1,0
223.52,18,Bank Transfer,Grocery,UAE,0.466,0.125,2093,19,1,0
107.49,23,Online,Electronics,Singapore,0.055,0.175,428,14,1,0
372.08,23,POS,Electronics,USA,0.277,0.167,866,9,1,0
45.31,7,Bank Transfer,Entertainment,USA,0.22,0.481,2660,9,1,0
337.98,2,Bank Transfer,Entertainment,India,0.143,0.18,2406,15,0,0
114.72,5,Online,Travel,India,0.215,0.304,160,12,0,0
1756.41,18,Online,Utilities,Singapore,0.252,0.336,515,6,1,0
20.24,4,Online,Grocery,India,0.389,0.342,341,14,0,0
33.47,15,Online,Entertainment,India,0.278,0.106,2873,13,0,0
101.37,8,ATM,Entertainment,UK,0.55,0.207,2538,11,1,0
99.21,18,Online,Grocery,India,0.398,0.276,1722,19,0,0
468.78,14,POS,Entertainment,UK,0.163,0.318,2066,8,1,0
34.18,14,POS,Travel,UK,0.304,0.166,1852,11,1,1
164.83,18,POS,Travel,India,0.093,0.505,2531,14,0,0
213.25,22,POS,Grocery,India,0.213,0.438,2762,15,0,0
134.92,8,Online,Entertainment,USA,0.255,0.085,2915,14,1,0
25.51,12,Bank Transfer,Entertainment,India,0.068,0.25,1024,7,0,0
272.53,15,POS,Food,UAE,0.166,0.414,1021,15,1,0
228.0,19,POS,Entertainment,India,0.455,0.318,344,13,0,0
121.46,11,POS,Electronics,India,0.424,0.222,2427,15,0,0
81.81,8,Online,Food,India,0.195,0.241,1256,9,0,0
83.61,20,Online,Entertainment,UK,0.652,0.149,116,9,1,0
61.64,22,Online,Electronics,India,0.444,0.262,2485,12,0,0
126.57,13,Bank Transfer,Food,Singapore,0.388,0.37,2735,14,1,0
68.8,2,Bank Transfer,Grocery,UAE,0.102,0.257,2564,13,1,0
28.54,6,ATM,Food,India,0.153,0.155,1911,15,0,0
23.37,11,ATM,Utilities,India,0.161,0.525,2620,21,0,0
31.44,16,Online,Entertainment,India,0.049,0.089,2709,8,0,0
83.27,16,Online,Travel,Singapore,0.305,0.505,1632,5,1,1
64.91,19,Online,Food,India,0.12,0.155,1692,15,0,0
82.71,0,ATM,Food,Singapore,0.451,0.274,968,9,1,0
110.04,11,POS,Utilities,Singapore,0.344,0.206,1893,10,1,0
35.61,16,POS,Entertainment,India,0.437,0.115,2990,12,0,0
288.78,23,POS,Entertainment,India,0.164,0.081,2789,14,0,0
51.02,3,Online,Entertainment,UAE,0.373,0.134,2539,10,1,0
43.23,21,Online,Electronics,UK,0.532,0.103,907,11,1,0
108.03,0,POS,Electronics,USA,0.252,0.306,2271,16,1,0
10.63,4,Online,Electronics,India,0.33,0.054,1033,15,0,0
30.25,20,Online,Electronics,India,0.328,0.103,53,12,0,0
177.87,18,ATM,Utilities,India,0.44,0.201,2555,11,0,0
11.74,23,POS,Utilities,UAE,0.257,0.466,912,8,1,0
203.89,14,POS,Utilities,India,0.201,0.609,2895,12,0,0
302.21,14,Online,Food,UK,0.081,0.322,1639,14,1,0
46.09,12,Online,Travel,India,0.166,0.283,2003,20,0,0
89.28,12,ATM,Grocery,Singapore,0.033,0.107,1727,13,1,0
204.2,12,Online,Travel,India,0.448,0.386,1290,9,0,0
41.81,7,Bank Transfer,Food,USA,0.047,0.271,2725,13,1,0
158.82,20,POS,Electronics,India,0.383,0.02,334,12,0,0
34.08,8,Online,Food,Singapore,0.569,0.096,486,19,1,0
41.36,14,Bank Transfer,Utilities,USA,0.539,0.657,1822,15,1,0
29.98,16,POS,Electronics,India,0.201,0.442,2902,11,0,0
93.94,12,ATM,Utilities,India,0.103,0.012,2472,14,0,0
212.29,14,POS,Food,India,0.407,0.424,2120,11,0,0
55.47,1,Online,Entertainment,India,0.109,0.288,330,20,0,0
18.7,7,POS,Grocery,India,0.122,0.336,175,9,0,0
22.59,10,Online,Travel,India,0.391,0.27,872,10,0,0
98.95,9,ATM,Utilities,India,0.377,0.229,2144,14,0,0
421.63,21,POS,Utilities,India,0.63,0.236,306,11,0,0
98.86,21,POS,Food,USA,0.177,0.151,1064,13,1,0
45.29,17,POS,Grocery,India,0.236,0.459,1017,15,0,0
143.48,8,POS,Grocery,India,0.199,0.129,457,15,0,0
52.48,1,Online,Electronics,Singapore,0.101,0.4,1732,11,1,0
45.68,18,Bank Transfer,Utilities,India,0.223,0.081,715,15,0,0
25.57,21,POS,Electronics,USA,0.202,0.237,390,14,1,0
272.72,11,Online,Utilities,UAE,0.135,0.086,1300,8,1,0
5.26,19,Online,Food,UK,0.337,0.35,1421,8,1,1
148.1,22,POS,Grocery,India,0.086,0.389,615,12,0,0
41.94,13,POS,Food,India,0.179,0.046,41,19,0,0
44.24,5,ATM,Electronics,Singapore,0.318,0.57,215,11,1,0
362.24,0,Online,Travel,UK,0.729,0.393,2472,10,1,0
32.65,18,ATM,Entertainment,India,0.198,0.345,2463,12,0,0
33.78,13,Online,Travel,India,0.056,0.183,2027,11,0,0
58.53,3,Online,Utilities,Singapore,0.416,0.223,801,10,1,0
100.87,1,Bank Transfer,Entertainment,UK,0.18,0.206,1947,11,1,0
42.87,23,Bank Transfer,Entertainment,India,0.419,0.269,2764,14,0,0
13.82,7,Bank Transfer,Grocery,India,0.553,0.437,2543,5,0,0
28.06,7,POS,Utilities,India,0.096,0.198,2126,11,0,0
240.17,15,Bank Transfer,Electronics,India,0.215,0.307,417,12,0,0
71.86,8,ATM,Entertainment,USA,0.55,0.438,1337,12,1,0
104.7,21,ATM,Travel,India,0.189,0.256,2903,13,0,0
51.35,16,Online,Entertainment,India,0.315,0.443,2334,12,0,0
34.48,8,Bank Transfer,Travel,India,0.308,0.018,141,16,0,0
356.94,6,Online,Entertainment,Singapore,0.001,0.279,2641,11,1,0
55.25,20,ATM,Travel,Singapore,0.357,0.082,1337,18,1,0
42.8,14,Online,Utilities,UK,0.301,0.031,455,17,1,0
199.57,22,ATM,Entertainment,UAE,0.378,0.252,6,10,1,0
32.38,8,ATM,Electronics,UAE,0.21,0.407,1219,18,1,0
36.79,0,POS,Electronics,India,0.276,0.193,2762,14,0,0
67.37,21,POS,Grocery,India,0.626,0.562,1820,15,0,0
66.7,5,Online,Travel,UK,0.028,0.123,1432,16,1,0
86.45,20,ATM,Entertainment,India,0.506,0.35,1557,8,0,0
540.05,17,ATM,Entertainment,India,0.161,0.092,821,14,0,0
93.34,5,ATM,Utilities,UAE,0.177,0.17,56,16,1,0
6.18,18,ATM,Grocery,India,0.251,0.185,1332,10,0,0
92.42,1,Online,Travel,UAE,0.476,0.291,552,4,1,0
69.26,9,POS,Entertainment,India,0.217,0.097,2853,17,0,0
69.65,8,Online,Electronics,India,0.065,0.167,752,15,0,0
85.28,15,Bank Transfer,Travel,Singapore,0.557,0.45,691,18,1,0
64.8,12,Online,Travel,UK,0.391,0.387,1351,7,1,0
63.27,14,Bank Transfer,Utilities,India,0.336,0.141,1036,6,0,0
123.11,11,Bank Transfer,Utilities,India,0.152,0.4,1814,12,0,0
38.78,17,Online,Grocery,India,0.073,0.292,32,10,0,0
25.85,3,ATM,Utilities,India,0.453,0.429,2918,12,0,0
1371.67,17,Online,Food,India,0.086,0.219,659,13,0,0
32.59,1,Online,Utilities,India,0.35,0.425,1991,8,0,0
73.71,2,POS,Food,India,0.277,0.146,2652,13,0,0
14.94,17,POS,Entertainment,India,0.27,0.379,142,9,0,0
74.92,3,POS,Food,India,0.174,0.151,1438,11,0,0
26.23,18,Online,Entertainment,India,0.347,0.108,1782,12,0,0
42.84,3,POS,Entertainment,India,0.196,0.102,297,14,0,0
189.63,3,Online,Food,India,0.24,0.262,1981,15,0,0
106.91,22,Online,Grocery,UAE,0.271,0.024,2494,21,1,0
117.73,4,Online,Grocery,UAE,0.462,0.132,383,9,1,0
11.35,21,Bank Transfer,Electronics,UK,0.386,0.277,2539,8,1,0
418.59,8,Online,Electronics,India,0.049,0.43,1409,4,0,0
20.25,19,POS,Utilities,USA,0.528,0.773,2934,8,1,0
307.53,22,Bank Transfer,Grocery,India,0.382,0.181,860,10,0,0
185.22,2,ATM,Utilities,India,0.648,0.392,184,14,0,0
118.79,7,Online,Grocery,Singapore,0.134,0.423,1975,9,1,0
28.36,13,ATM,Electronics,India,0.07,0.182,1320,10,0,0
77.6,20,POS,Electronics,UAE,0.18,0.169,1907,15,1,1
41.64,4,ATM,Food,USA,0.33,0.054,2655,13,1,0
68.65,4,POS,Grocery,India,0.068,0.198,2587,9,0,0
51.94,8,Online,Entertainment,India,0.143,0.169,357,13,0,0
8.68,4,POS,Grocery,UK,0.341,0.291,201,10,1,0
204.75,6,ATM,Entertainment,India,0.014,0.501,1088,13,0,0
61.49,3,POS,Food,India,0.21,0.064,398,12,0,0
41.07,19,POS,Utilities,India,0.341,0.242,2716,9,0,0
38.08,19,POS,Utilities,UAE,0.252,0.27,1645,9,1,0
95.44,3,ATM,Utilities,India,0.153,0.383,277,16,0,0
27.28,12,POS,Electronics,UAE,0.36,0.282,1668,14,1,0
6.99,15,Online,Electronics,USA,0.032,0.518,2176,13,1,0
100.2,15,POS,Food,India,0.636,0.536,2321,9,0,0
112.07,23,ATM,Food,India,0.148,0.28,2848,5,0,0
54.62,15,POS,Entertainment,UK,0.051,0.388,1854,5,1,0
21.16,16,Bank Transfer,Electronics,India,0.358,0.149,1806,18,0,0
72.89,0,POS,Electronics,India,0.549,0.126,174,11,0,0
15.42,1,POS,Grocery,India,0.435,0.051,2637,13,0,0
23.87,14,POS,Travel,Singapore,0.183,0.27,2324,14,1,0
31.48,21,POS,Entertainment,USA,0.602,0.259,2398,23,1,0
155.08,9,Online,Utilities,India,0.229,0.466,2919,8,0,0
46.4,15,POS,Food,India,0.594,0.344,2419,11,0,0
42.61,5,Bank Transfer,Electronics,India,0.174,0.389,1294,13,0,0
470.92,10,Online,Grocery,UK,0.661,0.33,1889,13,1,0
94.87,18,POS,Grocery,India,0.368,0.057,2653,8,0,0
93.6,15,Online,Entertainment,UAE,0.738,0.132,211,16,1,0
46.08,2,POS,Food,Singapore,0.254,0.154,446,10,1,0
36.73,21,POS,Travel,India,0.289,0.475,1199,14,0,0
7.49,22,POS,Travel,Singapore,0.191,0.397,1979,13,1,0
175.69,11,POS,Grocery,USA,0.213,0.191,2500,10,1,0
104.41,8,POS,Entertainment,USA,0.026,0.367,925,14,1,0
55.75,12,Bank Transfer,Food,India,0.088,0.478,611,14,0,0
58.14,19,Online,Travel,UAE,0.16,0.152,567,10,1,0
139.23,10,Bank Transfer,Entertainment,India,0.189,0.44,902,12,0,0
14.09,0,POS,Utilities,UK,0.326,0.462,181,15,1,0
36.97,1,Bank Transfer,Food,India,0.242,0.414,1539,11,0,0
21.41,19,Online,Travel,India,0.039,0.407,2584,8,0,0
392.1,18,POS,Grocery,UAE,0.142,0.113,1268,15,1,0
160.08,18,ATM,Entertainment,India,0.074,0.271,1458,11,0,0
7.37,3,POS,Food,India,0.24,0.537,2452,19,0,0
14.68,4,Online,Electronics,Singapore,0.08,0.158,39,13,1,0
58.42,9,ATM,Grocery,India,0.057,0.172,2920,15,0,0
41.58,5,Online,Entertainment,Singapore,0.105,0.544,613,15,1,0
17.74,9,Online,Utilities,UAE,0.393,0.363,321,16,1,0
466.27,13,Online,Electronics,India,0.48,0.508,1773,10,0,0
91.15,6,POS,Travel,India,0.273,0.412,55,4,0,0
107.21,2,Bank Transfer,Food,UAE,0.588,0.45,1344,12,1,0
33.38,9,POS,Utilities,UAE,0.1,0.411,2323,11,1,0
137.31,17,POS,Food,India,0.607,0.241,2063,20,0,0
45.58,14,POS,Grocery,USA,0.12,0.508,224,8,1,0
50.23,7,Bank Transfer,Travel,India,0.137,0.578,2184,11,0,0
122.85,7,ATM,Grocery,India,0.259,0.526,720,10,0,0
13.08,14,Online,Electronics,USA,0.259,0.203,552,8,1,0
329.32,4,Bank Transfer,Electronics,India,0.087,0.259,1048,13,0,1
80.03,20,POS,Food,India,0.178,0.322,1335,21,0,0
240.07,20,Bank Transfer,Entertainment,India,0.333,0.026,896,23,0,0
22.75,0,POS,Grocery,Singapore,0.611,0.314,1597,18,1,0
26.49,23,Online,Utilities,India,0.443,0.355,1946,14,0,0
20.87,0,POS,Travel,India,0.199,0.283,232,10,0,0
85.65,11,Bank Transfer,Food,India,0.263,0.258,831,8,0,0
71.23,16,Bank Transfer,Travel,India,0.483,0.244,923,12,0,0
41.91,7,Online,Electronics,UAE,0.336,0.243,1822,7,1,0
24.19,4,POS,Entertainment,India,0.175,0.344,772,18,0,0
18.79,1,POS,Grocery,India,0.249,0.067,2087,18,0,0
63.53,17,Online,Electronics,UAE,0.574,0.041,2179,8,1,1
41.86,0,POS,Food,India,0.134,0.189,66,12,0,0
33.6,11,POS,Food,India,0.533,0.655,1895,16,0,0
313.28,9,Online,Electronics,UK,0.37,0.25,1102,16,1,0
61.42,23,Online,Electronics,UK,0.105,0.534,876,5,1,0
237.47,22,Bank Transfer,Utilities,India,0.202,0.278,154,13,0,0
39.12,19,Online,Travel,USA,0.45,0.389,1458,16,1,0
85.18,17,POS,Electronics,India,0.416,0.249,2297,15,0,0
63.09,13,Online,Electronics,USA,0.308,0.329,467,13,1,0
12.21,8,POS,Entertainment,India,0.22,0.343,176,13,0,0
278.2,3,Online,Entertainment,UK,0.363,0.099,420,15,1,0
58.26,23,ATM,Utilities,India,0.043,0.247,2584,15,0,0
140.67,9,POS,Grocery,USA,0.513,0.163,620,9,1,0
31.44,10,POS,Grocery,UAE,0.547,0.238,2542,12,1,0
56.55,3,Bank Transfer,Electronics,Singapore,0.23,0.076,570,12,1,0
28.03,6,Online,Electronics,UK,0.349,0.256,1550,12,1,0
229.52,15,Online,Grocery,India,0.112,0.132,1338,12,0,0
91.05,10,ATM,Utilities,India,0.431,0.117,2828,13,0,0
96.26,14,Online,Utilities,India,0.121,0.132,819,13,0,0
259.35,5,POS,Electronics,India,0.324,0.284,1100,14,0,0
211.95,1,ATM,Entertainment,USA,0.139,0.283,1340,11,1,0
143.36,21,Bank Transfer,Food,USA,0.431,0.212,908,10,1,0
16.09,10,POS,Food,India,0.49,0.144,502,12,0,0
33.26,8,POS,Utilities,India,0.181,0.371,343,9,0,0
24.44,6,ATM,Grocery,Singapore,0.398,0.174,1779,7,1,0
138.04,15,Online,Travel,India,0.172,0.004,2182,9,0,0
79.1,13,Online,Electronics,India,0.118,0.328,510,11,0,0
16.6,9,Online,Utilities,India,0.415,0.116,1276,10,0,0
55.22,22,ATM,Food,India,0.338,0.147,2119,13,0,0
14.97,21,Online,Electronics,USA,0.194,0.159,2935,10,1,0
63.23,4,POS,Grocery,India,0.186,0.621,392,6,0,0
12.74,15,POS,Food,India,0.124,0.433,2610,8,0,0
113.16,23,Online,Travel,India,0.413,0.024,1158,11,0,0
97.32,11,Bank Transfer,Travel,India,0.426,0.522,1538,20,0,0
449.42,0,Online,Utilities,India,0.293,0.343,198,6,0,0
155.69,3,Online,Food,India,0.184,0.359,1355,12,0,0
43.69,16,Bank Transfer,Grocery,Singapore,0.18,0.218,858,13,1,0
151.12,21,Online,Grocery,UK,0.178,0.566,707,10,1,0
16.48,3,Online,Electronics,India,0.232,0.431,2623,8,0,0
25.47,13,POS,Grocery,India,0.366,0.699,458,5,0,0
93.05,11,ATM,Electronics,UK,0.205,0.075,707,7,1,0
7.7,6,ATM,Electronics,India,0.243,0.344,726,12,0,0
64.25,15,ATM,Utilities,India,0.156,0.332,2325,12,0,0
24.04,21,POS,Electronics,India,0.036,0.796,1652,17,0,0
73.8,5,Online,Travel,India,0.18,0.233,1373,7,0,0
22.7,1,POS,Food,UAE,0.551,0.455,426,10,1,0
101.93,8,Bank Transfer,Food,India,0.105,0.408,1185,10,0,0
67.99,7,POS,Grocery,UAE,0.297,0.275,2652,8,1,0
270.53,17,Online,Grocery,Singapore,0.14,0.101,1496,11,1,0
67.14,12,ATM,Travel,UAE,0.273,0.379,2903,15,1,0
30.92,0,POS,Entertainment,UK,0.073,0.175,136,13,1,0
52.1,8,Online,Travel,Singapore,0.272,0.48,800,9,1,0
17.39,17,POS,Utilities,India,0.514,0.371,456,14,0,0
100.1,11,Online,Electronics,Singapore,0.137,0.368,1933,20,1,0
120.28,13,Bank Transfer,Utilities,India,0.253,0.25,313,7,0,0
787.76,6,Online,Travel,USA,0.299,0.09,1231,7,1,0
35.81,7,Bank Transfer,Electronics,India,0.127,0.044,115,15,0,0
51.02,3,POS,Grocery,India,0.108,0.067,1570,11,0,0
37.5,1,Online,Utilities,India,0.118,0.676,561,16,0,0
82.44,0,Bank Transfer,Food,India,0.255,0.537,2311,13,0,0
97.68,14,Bank Transfer,Grocery,India,0.068,0.297,1383,13,0,0
63.22,3,POS,Entertainment,India,0.594,0.266,1827,8,0,0
197.62,13,Online,Utilities,India,0.371,0.34,568,14,0,0
35.98,22,Bank Transfer,Entertainment,India,0.519,0.11,1996,13,0,0
178.78,16,ATM,Entertainment,India,0.422,0.327,101,14,0,0
114.26,13,Online,Travel,India,0.129,0.352,436,9,0,0
65.89,2,POS,Electronics,India,0.347,0.492,2454,9,0,0
48.67,11,POS,Utilities,India,0.269,0.601,718,15,0,0
754.96,21,Online,Food,India,0.329,0.679,2206,15,0,0
29.46,9,Online,Food,India,0.299,0.34,2594,10,0,0
89.83,19,POS,Entertainment,UAE,0.395,0.282,391,14,1,0
31.49,17,POS,Food,India,0.615,0.199,2908,6,0,0
397.67,6,Online,Grocery,India,0.534,0.502,2444,12,0,0
161.88,3,Online,Travel,India,0.083,0.218,1665,14,0,0
33.84,0,Online,Entertainment,Singapore,0.237,0.165,957,14,1,0
111.34,6,Online,Travel,India,0.415,0.475,623,8,0,0
86.29,7,POS,Food,India,0.244,0.591,689,10,0,0
39.78,15,Bank Transfer,Electronics,India,0.147,0.261,1534,10,0,0
142.33,13,Online,Food,India,0.426,0.277,455,16,0,0
98.43,11,POS,Travel,India,0.456,0.633,1425,14,0,0
82.74,17,Online,Travel,UAE,0.505,0.222,1522,9,1,0
63.95,18,Online,Entertainment,UAE,0.227,0.246,1989,13,1,0
102.62,17,Online,Travel,India,0.471,0.386,22,12,0,0
83.88,21,Online,Travel,India,0.237,0.204,983,11,0,0
70.75,8,Online,Utilities,India,0.171,0.263,401,15,0,0
35.13,19,Online,Grocery,UAE,0.747,0.192,2641,10,1,0
362.77,10,POS,Food,UAE,0.308,0.266,2518,11,1,0
23.33,4,POS,Grocery,India,0.028,0.483,2935,12,0,0
102.27,3,POS,Entertainment,India,0.157,0.196,2713,9,0,0
48.41,2,Online,Grocery,India,0.244,0.147,2733,17,0,0
387.43,22,Online,Food,UK,0.319,0.139,978,10,1,0
27.02,4,ATM,Electronics,India,0.183,0.033,2966,6,0,0
31.97,20,POS,Entertainment,India,0.411,0.577,7,22,0,0
25.28,18,Online,Grocery,India,0.463,0.423,414,17,0,0
92.15,10,POS,Food,India,0.523,0.076,899,20,0,0
16.89,21,Online,Food,Singapore,0.408,0.094,755,14,1,0
41.33,21,ATM,Travel,India,0.182,0.623,2380,8,0,0
7.75,22,POS,Travel,India,0.255,0.4,2295,12,0,0
84.81,11,POS,Entertainment,USA,0.233,0.265,498,19,1,0
40.44,7,Online,Food,India,0.505,0.399,1399,11,0,0
15.06,1,ATM,Food,USA,0.321,0.23,280,12,1,0
197.47,20,POS,Utilities,UK,0.134,0.194,2882,13,1,0
18.04,20,Bank Transfer,Electronics,India,0.203,0.336,2116,15,0,0
147.96,12,Bank Transfer,Utilities,India,0.331,0.371,447,12,0,0
33.08,1,ATM,Utilities,India,0.17,0.224,2304,7,0,0
330.82,19,POS,Food,USA,0.128,0.173,923,10,1,0
141.11,7,Online,Travel,UAE,0.196,0.454,693,14,1,0
24.34,13,POS,Electronics,India,0.181,0.391,1938,7,0,0
26.65,15,Bank Transfer,Grocery,UK,0.204,0.29,666,15,1,0
122.18,3,Online,Entertainment,USA,0.411,0.078,1229,10,1,0
51.3,1,POS,Travel,UAE,0.118,0.491,2647,11,1,0
56.3,1,POS,Utilities,India,0.358,0.11,1086,21,0,0
237.99,23,ATM,Food,India,0.237,0.034,452,15,0,0
31.54,22,Bank Transfer,Electronics,UK,0.348,0.271,1655,16,1,0
73.06,10,Online,Travel,UK,0.572,0.259,434,5,1,0
173.23,10,Online,Grocery,USA,0.372,0.167,2414,9,1,0
149.77,9,ATM,Entertainment,Singapore,0.172,0.438,2218,10,1,0
56.85,8,ATM,Entertainment,India,0.355,0.128,1299,7,0,0
49.95,13,ATM,Travel,USA,0.276,0.226,1613,9,1,0
11.72,8,Online,Grocery,India,0.351,0.416,104,12,0,0
23.19,14,Online,Travel,India,0.104,0.192,1922,14,0,0
91.69,9,Bank Transfer,Entertainment,India,0.155,0.265,2346,9,0,0
58.1,15,POS,Food,India,0.529,0.538,2711,15,0,0
71.87,22,Online,Grocery,India,0.227,0.355,2165,13,0,0
188.53,4,POS,Grocery,USA,0.129,0.051,867,21,1,0
20.34,1,Online,Grocery,Singapore,0.489,0.116,1517,12,1,1
52.66,12,ATM,Entertainment,India,0.179,0.064,968,11,0,0
80.54,2,POS,Entertainment,India,0.189,0.267,1809,14,0,0
32.98,5,Online,Electronics,India,0.209,0.262,2611,21,0,0
279.07,18,POS,Entertainment,India,0.439,0.169,1105,16,0,0
165.44,10,Bank Transfer,Grocery,India,0.159,0.578,2388,17,0,0
89.13,13,ATM,Food,India,0.154,0.21,318,11,0,0
401.11,18,Online,Travel,UAE,0.067,0.46,2144,14,1,0
14.9,3,ATM,Entertainment,India,0.355,0.184,2392,11,0,0
66.17,11,POS,Electronics,USA,0.186,0.479,2348,12,1,0
96.19,0,ATM,Utilities,USA,0.259,0.339,1180,13,1,0
26.72,11,ATM,Food,India,0.123,0.168,2223,19,0,0
90.08,5,POS,Electronics,India,0.178,0.623,2956,8,0,0
22.05,21,Bank Transfer,Utilities,India,0.148,0.214,192,12,0,0
133.03,6,POS,Utilities,India,0.316,0.398,2931,7,0,0
192.07,4,Online,Electronics,Singapore,0.271,0.356,1081,14,1,0
87.56,0,POS,Electronics,India,0.107,0.291,958,10,0,0
10.46,3,ATM,Food,India,0.585,0.117,316,13,0,0
25.36,5,POS,Travel,India,0.38,0.455,585,13,0,0
117.3,5,POS,Electronics,India,0.35,0.235,1547,10,0,0
68.12,17,Online,Utilities,UAE,0.322,0.247,2278,12,1,0
4.51,21,Bank Transfer,Utilities,India,0.097,0.255,2173,13,0,0
231.1,20,POS,Electronics,USA,0.141,0.348,2293,7,1,1
76.45,22,Online,Electronics,India,0.029,0.034,2184,8,0,0
29.4,21,Online,Utilities,India,0.201,0.209,95,11,0,0
180.36,10,ATM,Travel,India,0.439,0.308,1356,12,0,0
33.87,9,POS,Grocery,UAE,0.595,0.383,1612,18,1,0
33.5,15,Online,Grocery,India,0.101,0.317,147,12,0,0
95.43,7,Bank Transfer,Grocery,USA,0.141,0.051,852,11,1,0
395.85,14,POS,Utilities,India,0.232,0.208,852,12,0,0
338.18,23,Online,Grocery,India,0.419,0.435,150,12,0,0
95.56,4,Bank Transfer,Travel,India,0.329,0.204,1348,13,0,0
105.89,18,POS,Food,India,0.141,0.072,1291,9,0,0
147.16,22,Online,Food,India,0.078,0.069,1627,17,0,0
18.97,12,POS,Entertainment,India,0.081,0.235,400,10,0,0
127.0,8,ATM,Utilities,Singapore,0.116,0.154,2922,12,1,0
32.01,6,Bank Transfer,Electronics,India,0.049,0.374,850,7,0,0
91.7,4,Online,Travel,India,0.249,0.08,1853,15,0,0
53.12,7,Online,Grocery,India,0.347,0.665,1699,8,0,0
110.08,17,Online,Utilities,India,0.254,0.18,21,6,0,0
75.05,12,POS,Electronics,India,0.529,0.628,744,11,0,0
3.09,5,POS,Utilities,India,0.374,0.38,2096,10,0,0
79.75,13,POS,Electronics,India,0.587,0.206,1089,11,0,0
126.74,19,POS,Entertainment,India,0.086,0.301,996,13,0,0
104.16,0,Online,Food,India,0.007,0.18,2127,8,0,0
60.18,0,POS,Entertainment,UAE,0.213,0.241,2396,18,1,0
344.52,23,POS,Food,USA,0.183,0.393,2420,12,1,0
91.05,17,Online,Travel,India,0.034,0.268,1315,12,0,0
103.3,13,POS,Grocery,UK,0.147,0.302,1379,5,1,0
189.52,21,POS,Grocery,India,0.719,0.429,2026,6,0,0
95.83,14,POS,Electronics,USA,0.479,0.322,1769,17,1,1
27.17,12,POS,Utilities,India,0.162,0.103,1118,13,0,0
5.82,5,Online,Food,India,0.609,0.608,991,12,0,0
41.38,19,ATM,Entertainment,India,0.224,0.326,2903,17,0,0
142.73,18,Bank Transfer,Travel,India,0.353,0.091,2655,14,0,0
46.85,7,ATM,Electronics,USA,0.497,0.096,911,12,1,0
148.59,17,Online,Electronics,India,0.069,0.081,244,8,0,0
77.38,17,Bank Transfer,Grocery,India,0.557,0.486,2862,17,0,0
241.79,2,Online,Food,India,0.223,0.022,293,11,0,0
49.64,3,Online,Electronics,India,0.182,0.363,702,18,0,0
106.44,14,Online,Electronics,USA,0.512,0.433,114,13,1,0
110.6,14,POS,Food,UK,0.383,0.153,2324,10,1,0
299.35,15,POS,Grocery,India,0.264,0.554,306,11,0,0
12.1,8,POS,Utilities,Singapore,0.442,0.225,954,13,1,1
42.17,20,ATM,Travel,India,0.163,0.246,1886,14,0,0
155.79,10,POS,Entertainment,India,0.303,0.451,161,14,0,0
312.9,4,Online,Entertainment,India,0.131,0.123,2994,14,0,0
84.78,2,Bank Transfer,Grocery,India,0.349,0.431,2340,7,0,0
49.76,21,Online,Travel,India,0.294,0.11,1805,20,0,0
142.18,16,POS,Electronics,India,0.388,0.487,1682,6,0,0
158.97,11,Online,Entertainment,UK,0.142,0.471,765,18,1,0
46.54,5,POS,Food,UAE,0.099,0.105,1767,18,1,0
92.79,2,Bank Transfer,Electronics,UAE,0.211,0.15,2454,10,1,0
217.14,3,Online,Utilities,India,0.17,0.251,1504,10,0,0
441.62,2,ATM,Electronics,India,0.277,0.497,1064,13,0,0
140.13,12,Online,Utilities,UK,0.119,0.548,879,11,1,0
69.7,4,ATM,Entertainment,India,0.182,0.06,1782,10,0,0
63.18,3,ATM,Travel,India,0.33,0.327,2681,14,0,0
116.44,6,POS,Electronics,India,0.28,0.413,1321,8,0,0
59.4,16,POS,Grocery,India,0.07,0.122,1995,8,0,0
80.61,11,POS,Travel,USA,0.218,0.379,1533,15,1,0
23.15,3,Online,Grocery,India,0.262,0.422,1465,7,0,0
243.97,17,Bank Transfer,Grocery,India,0.05,0.138,317,12,0,0
21.32,11,Online,Grocery,USA,0.361,0.511,1017,8,1,0
43.29,4,Online,Entertainment,India,0.039,0.408,2791,7,0,0
73.52,16,Bank Transfer,Electronics,India,0.171,0.354,2649,13,0,0
488.33,23,POS,Electronics,India,0.195,0.235,916,12,0,0
43.7,12,POS,Entertainment,UAE,0.208,0.219,1768,16,1,0
34.26,3,Bank Transfer,Entertainment,India,0.727,0.259,1803,5,0,0
38.44,7,Bank Transfer,Food,India,0.238,0.357,2646,12,0,0
350.34,14,Online,Electronics,India,0.311,0.544,23,13,0,0
4.01,23,POS,Food,UAE,0.165,0.06,915,13,1,0
24.47,22,Bank Transfer,Electronics,India,0.401,0.306,1380,11,0,0
1023.81,22,ATM,Electronics,India,0.159,0.11,1557,16,0,0
120.41,19,Online,Travel,India,0.768,0.413,2300,16,0,0
22.07,13,POS,Travel,UK,0.278,0.248,1023,16,1,0
63.95,15,Online,Travel,India,0.251,0.107,1837,13,0,1
71.34,17,ATM,Food,India,0.693,0.464,2542,9,0,0
155.42,17,Bank Transfer,Entertainment,India,0.074,0.293,956,12,0,0
419.68,15,Online,Electronics,India,0.295,0.735,1501,12,0,0
98.35,3,Online,Grocery,India,0.071,0.305,1952,14,0,0
38.87,21,Online,Food,India,0.498,0.261,2408,18,0,0
146.51,0,Online,Utilities,India,0.264,0.152,2386,8,0,0
33.17,10,Online,Food,UK,0.281,0.08,1219,6,1,0
23.73,10,POS,Grocery,India,0.332,0.027,475,10,0,0
11.47,23,POS,Grocery,USA,0.375,0.058,359,12,1,0
13.94,2,ATM,Food,India,0.168,0.38,198,16,0,0
27.21,11,POS,Utilities,UAE,0.069,0.476,1445,17,1,0
20.54,8,POS,Grocery,India,0.081,0.097,1385,11,0,0
91.22,2,Bank Transfer,Entertainment,India,0.313,0.099,747,15,0,0
20.1,5,ATM,Entertainment,India,0.209,0.33,1312,14,0,0
2.88,10,POS,Grocery,India,0.447,0.305,2075,11,0,0
23.48,21,POS,Travel,USA,0.267,0.316,141,6,1,0
41.6,9,ATM,Grocery,India,0.231,0.27,755,5,0,0
36.4,21,Online,Food,UK,0.477,0.269,2039,5,1,0
304.76,17,Online,Travel,India,0.397,0.421,725,9,0,0
36.11,19,Online,Utilities,India,0.301,0.444,1744,14,0,0
160.92,20,POS,Grocery,Singapore,0.306,0.689,2333,17,1,1
65.43,17,ATM,Food,India,0.07,0.176,938,10,0,0
63.92,17,POS,Entertainment,Singapore,0.434,0.068,304,13,1,0
28.92,3,Online,Travel,India,0.421,0.032,832,8,0,0
62.88,17,POS,Travel,India,0.254,0.187,1925,14,0,0
31.03,1,POS,Entertainment,UK,0.468,0.083,866,14,1,1
79.05,17,POS,Grocery,India,0.484,0.222,2737,14,0,0
52.65,15,Bank Transfer,Electronics,India,0.433,0.145,341,14,0,0
25.93,18,POS,Travel,India,0.239,0.63,1370,8,0,0
179.81,15,POS,Grocery,India,0.355,0.743,2785,11,0,0
102.19,8,POS,Electronics,India,0.268,0.237,2212,17,0,0
42.6,8,ATM,Electronics,India,0.184,0.294,181,12,0,0
77.13,14,Online,Electronics,India,0.29,0.069,845,9,0,0
61.32,11,Bank Transfer,Entertainment,India,0.702,0.241,131,18,0,0
28.01,8,Online,Grocery,India,0.053,0.626,2874,13,0,0
71.56,11,Online,Electronics,India,0.385,0.384,2347,11,0,0
35.84,12,Online,Travel,India,0.534,0.365,748,15,0,0
25.92,5,POS,Entertainment,Singapore,0.179,0.309,1378,8,1,0
13.16,15,Bank Transfer,Food,USA,0.106,0.277,1343,15,1,0
46.59,7,Bank Transfer,Entertainment,India,0.137,0.858,2433,11,0,0
117.56,6,POS,Grocery,India,0.7,0.486,323,15,0,0
33.29,10,Online,Electronics,India,0.609,0.612,1529,15,0,0
829.41,2,POS,Grocery,India,0.365,0.285,2187,18,0,0
161.69,14,Online,Travel,India,0.423,0.376,2696,13,0,0
245.75,17,ATM,Utilities,UAE,0.446,0.151,1049,10,1,0
147.71,22,Bank Transfer,Entertainment,USA,0.146,0.38,1047,10,1,0
425.33,6,POS,Grocery,India,0.581,0.198,1936,14,0,0
30.36,12,Online,Electronics,India,0.25,0.538,1756,14,0,0
5.15,12,ATM,Utilities,USA,0.207,0.47,2728,16,1,0
42.69,17,POS,Travel,UAE,0.213,0.225,660,14,1,0
116.54,14,Online,Entertainment,India,0.257,0.182,1164,7,0,0
77.6,19,Online,Travel,Singapore,0.554,0.275,1345,13,1,0
87.84,20,ATM,Electronics,India,0.269,0.391,1559,11,0,0
249.86,2,Bank Transfer,Utilities,USA,0.104,0.033,399,13,1,0
97.72,8,POS,Entertainment,India,0.139,0.105,468,14,0,0
148.25,15,POS,Travel,India,0.436,0.322,1495,13,0,0
26.06,13,POS,Grocery,India,0.376,0.217,257,11,0,0
22.3,11,POS,Travel,India,0.54,0.597,1379,14,0,0
334.99,4,Online,Electronics,India,0.314,0.431,487,15,0,0
73.77,13,Bank Transfer,Grocery,India,0.087,0.277,80,12,0,0
35.76,17,Online,Utilities,USA,0.481,0.277,1249,12,1,1
35.82,0,Online,Grocery,India,0.474,0.254,272,7,0,0
34.84,14,Online,Food,USA,0.133,0.039,1927,5,1,0
32.82,21,POS,Utilities,India,0.588,0.11,1690,14,0,0
18.48,13,ATM,Electronics,USA,0.114,0.14,446,7,1,0
14.87,22,Online,Food,India,0.203,0.413,2150,16,0,0
54.87,8,Online,Grocery,India,0.006,0.14,882,12,0,0
36.86,0,Bank Transfer,Entertainment,India,0.191,0.164,1984,18,0,0
201.78,16,Online,Utilities,UAE,0.463,0.17,2835,14,1,0
89.4,5,POS,Entertainment,India,0.17,0.069,2160,16,0,0
86.95,0,Online,Grocery,India,0.369,0.208,912,19,0,0
31.72,4,Online,Electronics,USA,0.29,0.485,1435,14,1,0
59.08,22,Online,Entertainment,India,0.188,0.094,903,8,0,0
95.68,18,ATM,Entertainment,India,0.194,0.217,1021,9,0,0
136.48,6,Online,Electronics,India,0.264,0.169,2644,9,0,0
60.71,14,Online,Utilities,UK,0.191,0.385,2061,13,1,0
196.2,8,Bank Transfer,Travel,UAE,0.016,0.376,1633,18,1,0
67.22,4,Online,Entertainment,UAE,0.287,0.38,812,21,1,0
147.36,23,Online,Electronics,India,0.601,0.452,1566,14,0,0
40.86,19,POS,Entertainment,India,0.465,0.415,1887,10,0,0
10.89,8,Online,Food,UK,0.302,0.321,2125,17,1,0
87.21,8,Online,Electronics,India,0.327,0.32,274,11,0,0
137.73,19,POS,Entertainment,India,0.334,0.268,2599,10,0,0
118.55,11,Online,Utilities,UAE,0.366,0.594,1613,13,1,0
101.72,9,POS,Entertainment,India,0.343,0.463,1061,10,0,0
47.06,9,POS,Grocery,India,0.139,0.104,2157,10,0,0
29.76,10,Online,Electronics,Singapore,0.521,0.2,1647,14,1,1
115.78,12,POS,Entertainment,India,0.334,0.034,950,8,0,0
102.15,0,Online,Utilities,UAE,0.218,0.282,2738,13,1,0
38.06,11,Online,Electronics,India,0.287,0.392,2755,16,0,0
202.23,10,POS,Entertainment,India,0.145,0.121,2729,14,0,0
27.58,6,POS,Food,UK,0.24,0.246,219,14,1,0
37.21,8,Online,Travel,UK,0.181,0.47,2753,8,1,0
342.55,10,POS,Utilities,UAE,0.269,0.63,797,8,1,0
158.95,8,Online,Electronics,India,0.458,0.274,1043,14,0,0
46.62,21,ATM,Food,India,0.358,0.062,2029,11,0,0
88.89,12,Online,Travel,India,0.345,0.073,1431,15,0,0
77.85,12,Online,Grocery,India,0.016,0.256,2478,21,0,0
4.28,6,Bank Transfer,Electronics,UAE,0.329,0.231,1992,18,1,0
26.94,21,POS,Entertainment,UAE,0.154,0.324,341,12,1,0
63.38,0,Bank Transfer,Travel,India,0.061,0.286,423,9,0,0
46.68,13,ATM,Utilities,UAE,0.392,0.341,297,8,1,0
85.38,4,Online,Entertainment,India,0.277,0.326,988,8,0,0
206.33,18,POS,Food,Singapore,0.135,0.313,1396,12,1,0
48.35,9,POS,Entertainment,India,0.133,0.286,2646,9,0,0
23.16,7,Bank Transfer,Utilities,USA,0.237,0.346,1036,17,1,0
92.28,1,POS,Entertainment,USA,0.013,0.205,292,11,1,0
48.1,18,Bank Transfer,Entertainment,India,0.25,0.806,1649,15,0,0
57.05,9,Online,Entertainment,Singapore,0.411,0.205,1251,9,1,0
49.81,6,Online,Utilities,India,0.136,0.392,2528,14,0,0
627.56,20,Online,Grocery,Singapore,0.355,0.36,106,10,1,0
7.09,0,POS,Electronics,India,0.56,0.47,867,10,0,0
45.23,11,Online,Utilities,India,0.262,0.56,2090,7,0,0
66.44,3,Bank Transfer,Electronics,USA,0.492,0.491,31,17,1,0
30.53,3,POS,Grocery,UK,0.211,0.291,1689,13,1,0
163.99,0,Bank Transfer,Utilities,UAE,0.124,0.311,2012,21,1,0
150.39,4,Bank Transfer,Food,India,0.21,0.269,100,16,0,0
63.58,22,POS,Utilities,India,0.202,0.497,1688,9,0,0
50.87,10,Online,Grocery,India,0.277,0.3,2792,15,0,0
59.62,23,POS,Grocery,Singapore,0.218,0.444,1547,7,1,0
60.05,6,Online,Food,UAE,0.451,0.427,518,12,1,0
61.66,18,Bank Transfer,Travel,Singapore,0.444,0.349,2352,15,1,0
55.26,2,Bank Transfer,Food,India,0.247,0.169,180,11,0,0
85.84,2,Bank Transfer,Electronics,Singapore,0.218,0.445,2550,7,1,0
141.63,0,POS,Travel,India,0.102,0.069,2860,12,0,0
19.49,21,Online,Entertainment,UAE,0.569,0.034,434,15,1,0
23.32,16,POS,Grocery,India,0.103,0.638,823,9,0,0
11.61,17,Bank Transfer,Utilities,India,0.547,0.098,2496,12,0,0
158.6,22,POS,Grocery,India,0.287,0.07,2225,15,0,0
85.65,7,POS,Food,UK,0.099,0.064,1623,10,1,0
110.53,17,POS,Utilities,India,0.338,0.176,2021,11,0,0
15.97,12,POS,Grocery,India,0.16,0.244,2613,13,0,0
397.4,13,POS,Utilities,USA,0.503,0.424,2144,16,1,1
36.28,15,POS,Travel,UAE,0.064,0.33,1703,16,1,0
78.9,11,Bank Transfer,Entertainment,India,0.471,0.329,1163,19,0,0
156.71,0,ATM,Utilities,India,0.343,0.347,2682,7,0,0
24.85,1,POS,Travel,India,0.109,0.175,1717,14,0,0
38.62,12,ATM,Electronics,India,0.047,0.131,2497,10,0,0
79.77,13,Online,Utilities,India,0.214,0.382,2568,11,0,0
1161.51,17,ATM,Grocery,India,0.221,0.279,978,8,0,0
90.12,13,POS,Grocery,India,0.428,0.149,2231,12,0,0
332.41,4,Online,Travel,India,0.052,0.317,1930,13,0,0
222.67,8,Online,Food,India,0.028,0.052,685,15,0,0
96.35,10,POS,Entertainment,India,0.717,0.178,1704,10,0,0
24.8,23,Online,Food,India,0.37,0.32,2863,14,0,0
192.43,12,ATM,Electronics,India,0.555,0.356,1605,13,0,0
14.91,15,ATM,Utilities,India,0.408,0.07,2066,10,0,0
330.59,17,Online,Travel,India,0.111,0.297,330,14,0,0
81.45,8,Online,Utilities,UK,0.315,0.744,1168,15,1,0
4.71,23,ATM,Travel,Singapore,0.528,0.293,71,6,1,0
47.44,16,POS,Travel,India,0.531,0.456,1098,13,0,0
128.25,20,POS,Utilities,USA,0.075,0.368,1027,16,1,0
52.61,17,Online,Food,Singapore,0.339,0.075,570,11,1,0
136.32,14,POS,Electronics,USA,0.189,0.656,1494,13,1,1
28.5,0,Online,Travel,India,0.027,0.192,1514,11,0,0
18.07,14,POS,Electronics,India,0.343,0.547,1657,15,0,0
62.09,3,Online,Entertainment,India,0.147,0.474,1194,12,0,0
68.82,14,Online,Grocery,India,0.668,0.287,1554,7,0,0
47.07,16,ATM,Travel,India,0.243,0.384,1738,8,0,0
227.53,13,Online,Travel,UAE,0.36,0.212,437,11,1,0
28.5,7,Online,Electronics,India,0.334,0.389,1444,13,0,0
91.21,1,Bank Transfer,Entertainment,India,0.083,0.465,2452,10,0,0
71.38,16,ATM,Travel,UAE,0.358,0.348,2115,15,1,0
14.06,16,Online,Entertainment,India,0.507,0.43,2160,13,0,1
17.83,11,POS,Utilities,India,0.394,0.297,883,9,0,0
67.49,17,Online,Electronics,UAE,0.094,0.175,2590,9,1,0
483.57,18,Online,Utilities,India,0.407,0.62,1464,15,0,0
119.02,12,Online,Utilities,India,0.365,0.102,2649,6,0,0
11.87,1,ATM,Entertainment,India,0.242,0.346,473,15,0,0
2.97,20,Bank Transfer,Electronics,India,0.166,0.071,2496,12,0,0
138.8,11,Bank Transfer,Travel,UK,0.496,0.82,889,13,1,0
60.57,16,Online,Utilities,India,0.139,0.023,1993,11,0,0
208.78,21,Bank Transfer,Electronics,UK,0.641,0.11,52,18,1,0
27.64,8,Bank Transfer,Grocery,India,0.379,0.073,1320,7,0,0
94.65,14,POS,Entertainment,UAE,0.049,0.494,2339,15,1,0
155.43,0,Online,Electronics,India,0.367,0.187,1905,13,0,1
42.63,21,POS,Utilities,UAE,0.289,0.13,931,12,1,0
43.55,1,POS,Utilities,India,0.259,0.069,743,15,0,0
68.39,12,POS,Grocery,Singapore,0.23,0.307,692,16,1,0
114.74,8,Online,Utilities,Singapore,0.514,0.628,2766,6,1,0
65.74,0,POS,Utilities,India,0.185,0.289,905,17,0,0
176.62,11,POS,Entertainment,India,0.236,0.508,1898,20,0,0
42.02,22,POS,Travel,India,0.492,0.07,35,11,0,0
17.67,4,Online,Entertainment,India,0.334,0.229,1796,12,0,0
481.53,7,Bank Transfer,Utilities,India,0.255,0.53,1948,9,0,0
36.43,4,Bank Transfer,Entertainment,India,0.325,0.518,1741,12,0,0
37.77,2,Online,Electronics,UAE,0.117,0.361,2501,8,1,0
62.44,5,POS,Entertainment,UAE,0.155,0.405,2051,19,1,0
71.32,13,Bank Transfer,Electronics,India,0.326,0.181,632,9,0,0
45.3,18,POS,Travel,India,0.078,0.206,2056,13,0,0
65.53,16,Bank Transfer,Entertainment,India,0.553,0.662,710,12,0,0
64.09,18,ATM,Electronics,USA,0.065,0.267,133,20,1,0
79.43,17,Online,Travel,UAE,0.16,0.326,2788,16,1,0
6.31,9,POS,Food,India,0.242,0.278,1273,20,0,0
437.41,21,POS,Travel,India,0.245,0.037,1296,14,0,0
57.55,4,Online,Food,India,0.179,0.318,2926,16,0,0
119.18,16,Online,Electronics,India,0.537,0.127,1823,11,0,0
16.81,2,ATM,Utilities,UAE,0.418,0.42,2275,7,1,0
41.64,18,Online,Utilities,USA,0.035,0.379,2630,9,1,0
34.05,2,Online,Electronics,India,0.494,0.054,575,13,0,0
289.95,5,POS,Entertainment,India,0.287,0.33,457,10,0,0
37.12,9,Online,Travel,India,0.305,0.228,1283,11,0,0
142.32,16,POS,Utilities,USA,0.592,0.484,221,16,1,0
34.8,1,Online,Travel,USA,0.192,0.444,1385,11,1,0
42.41,6,Online,Utilities,India,0.65,0.37,1632,9,0,0
52.17,8,ATM,Utilities,India,0.429,0.094,2934,10,0,0
240.77,17,Online,Travel,UAE,0.38,0.303,508,16,1,0
10.08,23,POS,Grocery,UK,0.426,0.304,2855,12,1,0
17.89,14,ATM,Entertainment,India,0.053,0.344,727,9,0,0
9.51,12,Online,Utilities,India,0.349,0.166,232,8,0,0
22.48,8,ATM,Entertainment,UAE,0.251,0.062,2539,10,1,0
29.62,19,Online,Grocery,USA,0.469,0.446,796,12,1,0
13.27,2,Bank Transfer,Food,UAE,0.404,0.285,889,8,1,0
32.0,3,POS,Electronics,India,0.288,0.367,220,13,0,0
8.89,4,Online,Utilities,India,0.453,0.498,1607,5,0,0
24.1,6,ATM,Entertainment,India,0.052,0.017,583,14,0,0
221.5,11,POS,Entertainment,Singapore,0.332,0.359,1823,17,1,0
99.84,22,ATM,Electronics,USA,0.375,0.372,1348,9,1,0
80.44,15,Online,Travel,India,0.212,0.36,814,10,0,0
24.46,9,POS,Entertainment,UAE,0.009,0.176,1801,7,1,0
14.35,5,POS,Grocery,UAE,0.602,0.254,463,11,1,0
21.35,15,ATM,Grocery,India,0.016,0.37,2436,14,0,0
63.87,6,ATM,Grocery,India,0.23,0.233,2077,11,0,0
158.88,23,POS,Food,USA,0.185,0.497,262,16,1,0
164.41,11,POS,Grocery,India,0.422,0.09,2983,12,0,0
125.29,13,POS,Food,USA,0.072,0.19,844,11,1,0
31.89,21,POS,Travel,India,0.517,0.191,2894,20,0,0
68.34,7,ATM,Utilities,UAE,0.226,0.297,1830,16,1,0
48.36,11,POS,Electronics,Singapore,0.168,0.269,2761,9,1,0
54.53,12,POS,Grocery,UAE,0.459,0.404,1379,13,1,0
511.39,6,POS,Entertainment,UK,0.388,0.156,2310,13,1,0
11.45,1,Online,Electronics,India,0.196,0.323,925,9,0,0
52.74,6,Online,Travel,India,0.108,0.276,2084,12,0,0
224.02,2,Online,Food,USA,0.305,0.11,534,12,1,0
15.4,16,Online,Utilities,India,0.287,0.113,440,17,0,0
35.03,0,Bank Transfer,Utilities,USA,0.228,0.499,2125,15,1,0
39.29,7,Online,Electronics,India,0.343,0.472,99,15,0,0
53.34,21,Bank Transfer,Utilities,India,0.581,0.123,705,14,0,0
13.52,13,Online,Travel,India,0.265,0.623,1467,13,0,0
120.94,16,POS,Utilities,USA,0.077,0.457,2053,10,1,0
129.84,16,ATM,Utilities,India,0.202,0.203,1734,12,0,0
110.87,7,Online,Food,India,0.316,0.192,2750,17,0,0
27.93,15,Online,Food,India,0.075,0.348,2173,9,0,0
72.71,5,POS,Food,UK,0.107,0.273,648,9,1,0
27.13,15,Online,Grocery,India,0.395,0.315,2111,9,0,0
47.82,16,Bank Transfer,Utilities,India,0.384,0.09,2165,8,0,0
574.48,21,POS,Entertainment,India,0.62,0.439,2552,15,0,0
73.38,22,POS,Utilities,India,0.143,0.232,2402,11,0,0
20.34,0,POS,Grocery,India,0.341,0.416,1883,8,0,0
79.86,7,Online,Entertainment,USA,0.215,0.579,1899,17,1,0
17.26,13,ATM,Electronics,India,0.535,0.528,1365,13,0,0
20.11,7,Online,Entertainment,Singapore,0.557,0.022,977,14,1,0
23.54,14,Bank Transfer,Utilities,UK,0.206,0.442,2872,11,1,0
42.76,20,Online,Utilities,India,0.028,0.53,720,12,0,0
170.2,6,Online,Utilities,Singapore,0.162,0.228,2520,8,1,0
118.91,21,POS,Grocery,USA,0.468,0.457,2361,11,1,0
112.5,21,POS,Travel,India,0.252,0.43,1849,16,0,0
22.22,21,ATM,Travel,USA,0.278,0.182,978,17,1,0
38.81,1,POS,Food,UAE,0.344,0.557,2135,16,1,0
87.53,7,POS,Utilities,India,0.335,0.34,2418,10,0,0
35.58,2,Bank Transfer,Entertainment,India,0.526,0.15,1796,12,0,0
50.48,2,Online,Food,India,0.322,0.079,2522,13,0,0
103.69,1,POS,Entertainment,India,0.268,0.557,1531,8,0,0
47.05,10,ATM,Travel,India,0.269,0.414,2610,16,0,0
83.6,2,Online,Food,India,0.049,0.396,1212,11,0,0
327.91,7,Bank Transfer,Food,UK,0.185,0.318,2450,8,1,0
56.16,23,Online,Travel,India,0.269,0.378,207,6,0,0
216.88,21,POS,Food,India,0.212,0.264,2701,15,0,0
116.67,22,POS,Utilities,Singapore,0.021,0.107,2003,9,1,0
15.38,0,POS,Entertainment,India,0.514,0.26,2789,16,0,0
22.15,15,ATM,Utilities,India,0.226,0.141,2766,15,0,0
28.97,15,Online,Entertainment,India,0.159,0.106,1481,19,0,0
28.37,3,ATM,Electronics,India,0.157,0.347,1974,11,0,0
60.93,21,Online,Grocery,India,0.137,0.59,874,10,0,0
123.3,9,POS,Utilities,India,0.414,0.537,2930,9,0,0
233.96,23,POS,Electronics,USA,0.129,0.435,568,9,1,0
90.76,2,POS,Food,India,0.334,0.284,569,14,0,0
42.71,15,Online,Grocery,Singapore,0.578,0.375,1173,9,1,0
8.31,3,Online,Utilities,Singapore,0.153,0.113,1303,13,1,0
71.56,22,Bank Transfer,Utilities,India,0.349,0.268,760,13,0,0
68.43,14,POS,Utilities,India,0.626,0.683,2886,12,0,0
80.07,1,Online,Travel,Singapore,0.333,0.425,2526,12,1,0
547.98,5,POS,Utilities,India,0.558,0.254,608,19,0,0
230.58,8,ATM,Food,India,0.234,0.167,2524,20,0,0
146.21,0,POS,Grocery,India,0.345,0.2,940,8,0,0
25.48,0,Online,Food,USA,0.372,0.368,1328,7,1,0
39.93,22,POS,Electronics,India,0.203,0.384,2946,16,0,0
60.65,23,POS,Food,India,0.419,0.291,2426,12,0,0
30.71,12,Online,Grocery,India,0.461,0.381,1055,13,0,0
110.0,21,Online,Food,UK,0.055,0.158,1923,9,1,0
95.29,15,Online,Entertainment,India,0.452,0.336,2407,8,0,0
22.46,0,POS,Entertainment,USA,0.149,0.281,1723,12,1,0
220.7,17,Bank Transfer,Entertainment,India,0.625,0.03,741,13,0,0
73.87,0,POS,Food,India,0.599,0.282,2433,6,0,0
11.83,19,Online,Entertainment,India,0.082,0.442,1058,9,0,0
63.35,8,Bank Transfer,Grocery,India,0.053,0.618,2415,15,0,0
88.34,3,Online,Entertainment,India,0.087,0.348,1618,11,0,0
176.41,6,POS,Electronics,Singapore,0.246,0.113,2399,14,1,0
47.59,16,Online,Food,India,0.112,0.143,2471,15,0,0
152.62,20,POS,Food,UAE,0.177,0.253,1637,11,1,0
80.41,13,Online,Utilities,India,0.349,0.279,978,13,0,0
17.9,3,Online,Travel,India,0.176,0.158,962,9,0,0
16.2,21,ATM,Electronics,India,0.12,0.273,104,13,0,1
204.91,18,ATM,Entertainment,Singapore,0.442,0.352,1210,19,1,0
220.52,9,POS,Food,India,0.21,0.333,624,15,0,0
92.1,13,POS,Travel,India,0.359,0.197,2043,16,0,0
297.59,23,Online,Electronics,India,0.242,0.124,1985,11,0,0
191.83,9,Online,Entertainment,India,0.351,0.217,2730,14,0,0
132.11,0,Online,Utilities,India,0.046,0.238,494,14,0,0
26.81,3,Online,Grocery,UK,0.582,0.057,2168,10,1,0
376.69,14,Online,Electronics,India,0.155,0.251,696,17,0,0
114.01,23,Bank Transfer,Entertainment,Singapore,0.248,0.262,2373,13,1,0
45.34,17,Online,Grocery,India,0.255,0.075,2425,15,0,0
34.18,14,POS,Travel,Singapore,0.06,0.664,876,13,1,0
86.21,7,POS,Grocery,UAE,0.386,0.275,2913,11,1,0
12.54,10,Online,Food,USA,0.303,0.302,1315,13,1,0
134.25,0,POS,Electronics,UAE,0.391,0.792,1904,6,1,0
25.7,8,POS,Travel,UK,0.543,0.503,2240,12,1,0
96.6,14,POS,Grocery,India,0.022,0.477,1816,14,0,0
39.58,21,ATM,Food,India,0.221,0.506,2612,15,0,0
51.19,22,Bank Transfer,Entertainment,India,0.36,0.085,202,10,0,0
31.28,19,Online,Travel,India,0.068,0.255,1537,12,0,0
56.76,0,POS,Food,India,0.004,0.087,2372,9,0,0
441.15,19,Online,Entertainment,India,0.552,0.293,55,16,0,0
266.42,5,Online,Food,USA,0.677,0.108,1426,20,1,0
95.06,14,Bank Transfer,Food,India,0.098,0.696,2657,10,0,0
65.02,22,Online,Travel,India,0.31,0.712,986,10,0,0
155.12,21,Online,Utilities,India,0.445,0.334,292,8,0,0
206.43,15,Bank Transfer,Utilities,UAE,0.31,0.206,1153,23,1,0
29.08,7,Online,Entertainment,India,0.152,0.287,1589,19,0,0
61.72,12,POS,Utilities,India,0.539,0.251,270,11,0,0
10.78,16,Online,Food,India,0.263,0.283,1438,13,0,0
205.02,12,Online,Food,UAE,0.09,0.183,1979,12,1,0
525.85,9,Online,Entertainment,India,0.156,0.291,2886,16,0,0
72.25,9,Bank Transfer,Grocery,India,0.496,0.151,2003,18,0,0
7.96,14,POS,Travel,India,0.47,0.37,375,16,0,0
122.6,0,Online,Travel,India,0.36,0.276,2803,12,0,0
27.0,23,POS,Food,USA,0.233,0.226,1992,19,1,0
34.35,2,POS,Travel,India,0.055,0.241,2524,13,0,0
124.78,23,Online,Electronics,USA,0.127,0.251,933,11,1,0
86.02,0,ATM,Electronics,India,0.371,0.562,95,14,0,0
40.93,12,Online,Entertainment,UAE,0.577,0.592,1302,20,1,1
34.83,10,POS,Food,India,0.089,0.269,1073,18,0,0
75.63,13,POS,Grocery,UAE,0.44,0.34,1249,11,1,0
44.28,10,Online,Entertainment,India,0.083,0.454,2822,8,0,0
21.99,21,Online,Electronics,India,0.411,0.119,1046,15,0,0
47.82,0,ATM,Grocery,India,0.486,0.291,804,11,0,0
93.65,23,Online,Food,UK,0.367,0.559,2640,13,1,0
55.81,16,Bank Transfer,Travel,USA,0.388,0.044,2687,15,1,0
16.22,18,ATM,Electronics,India,0.251,0.302,2164,20,0,0
179.3,3,Online,Utilities,India,0.166,0.149,374,9,0,0
4.31,1,Online,Travel,India,0.031,0.222,2696,11,0,0
42.68,9,ATM,Utilities,India,0.402,0.336,123,13,0,0
35.87,7,Bank Transfer,Electronics,Singapore,0.257,0.141,2427,7,1,0
77.34,18,Online,Utilities,India,0.446,0.254,2221,13,0,0
116.94,21,Online,Utilities,India,0.584,0.139,1250,11,0,0
205.77,10,Online,Entertainment,India,0.712,0.198,590,15,0,0
32.71,18,ATM,Travel,India,0.151,0.137,185,10,0,0
119.89,1,Bank Transfer,Entertainment,UAE,0.57,0.287,110,16,1,0
81.11,17,Bank Transfer,Electronics,India,0.302,0.387,897,12,0,0
12.04,2,POS,Utilities,UAE,0.165,0.244,1425,12,1,0
446.1,16,POS,Utilities,USA,0.505,0.046,1037,7,1,0
15.82,9,ATM,Food,India,0.169,0.288,1819,11,0,0
101.44,9,Online,Utilities,India,0.33,0.311,306,13,0,0
98.49,6,Bank Transfer,Food,USA,0.096,0.41,2111,6,1,0
87.85,9,POS,Grocery,USA,0.256,0.669,463,14,1,0
40.67,20,ATM,Utilities,India,0.305,0.163,1328,9,0,0
152.51,19,Online,Food,UAE,0.152,0.104,69,17,1,0
14.01,8,POS,Grocery,India,0.23,0.313,2787,12,0,0
62.44,7,POS,Grocery,India,0.257,0.242,1316,10,0,0
37.94,12,ATM,Entertainment,India,0.195,0.038,1119,12,0,0
33.88,16,POS,Utilities,USA,0.074,0.199,509,8,1,0
102.39,4,ATM,Entertainment,India,0.06,0.223,696,16,0,0
195.88,17,Online,Electronics,India,0.174,0.248,815,9,0,0
47.31,22,Online,Travel,India,0.195,0.329,288,12,0,1
145.57,20,POS,Electronics,India,0.243,0.578,1442,9,0,0
70.09,13,Bank Transfer,Travel,India,0.295,0.18,440,17,0,0
27.31,7,ATM,Travel,Singapore,0.073,0.451,493,12,1,0
